#,Song,Artist,Popularity,BPM,Genres,Parent Genres,Album,Album Date,Time,Dance,Energy,Acoustic,Instrumental,Happy,Speech,Live,Loud (Db),Key,Time Signature,Added At,Spotify Track Id,Album Label,Camelot,ISRC
1,"Intro (Difference)","Bryson Tiller",51,108,"r&b","R&B","T R A P S O U L",2015-10-02,01:31,42,71,67,0,62,30,70,-10,A,4,2018-12-14,39a23fzBmNlAzz7fHok1Jo,"TrapSoul/RCA Records",11B,USRC11502181
2,"Home Body","Lil Durk,Gunna,TK Kravitz",0,85,"drill, melodic rap, ","Hip Hop","Just Cause Y'all Waited",2018-03-30,03:23,66,61,26,0,36,60,10,-7,C,4,2019-01-03,0rpqbQCNydbmOXuS5UwAJZ,"Lil Durk",8B,USUYG1190341
3,"No Longer Friends","Bryson Tiller",56,114,"r&b","R&B","True to Self",2017-05-26,02:14,65,66,21,0,38,30,10,-8,B,4,2018-12-14,4IdAIZRVkwuQQnHpi529cn,"TrapSoul/RCA Records",1B,USRC11700938
4,"KeeP IN tOUcH (feat. Bryson Tiller)","Tory Lanez,Bryson Tiller",0,109,"r&b","R&B","LoVE me NOw",2018-10-26,03:19,54,89,31,0,56,40,10,-4,B minor,5,2019-01-03,1BZdJrCYel0jMNmKY8KkUD,"Mad Love/Interscope Records",10A,USUM71811232
5,"Fuck Love","XXXTENTACION,Trippie Redd",85,131,"emo rap, melodic rap","Hip Hop, Rock","17",2017-08-25,02:26,80,53,2,0,33,0,10,-10,C minor,4,2019-01-03,7AQim7LbvFVZJE3O8TYgf2,"Bad Vibes Forever / EMPIRE",5A,USUYG1156898
6,"Let Em' Know","Bryson Tiller",79,111,"r&b","R&B","T R A P S O U L",2015-10-02,04:21,49,41,3,0,18,20,30,-11,A,4,2018-12-14,5QDGKcQLqOJvoiu8eScEaM,"TrapSoul/RCA Records",11B,USRC11502183
7,"From Time","Drake,Jhené Aiko",0,94,"rap, r&b","R&B, Hip Hop","Nothing Was The Same (Deluxe)",2013-01-01,05:22,74,49,63,0,45,40,10,-10,C♯/D♭ minor,4,2019-01-03,10VBBaul4zVD0reteuIHM2,"Aspire Music Group, LLC",12A,USCM51300744
8,"Wednesday Night Interlude","Drake,PARTYNEXTDOOR",64,135,"rap, r&b","R&B, Hip Hop","If You're Reading This It's Too Late",2015-02-12,03:32,31,47,73,0,20,0,20,-8,A minor,4,2019-01-03,6oLHyWvmk6bKrA91EIYZBp,"Cash Money Records/Young Money Ent./Universal Rec.",8A,USCM51500041
9,"Exchange","Bryson Tiller",82,160,"r&b","R&B","T R A P S O U L",2015-10-02,03:14,53,43,11,0,28,10,10,-11,F#/G♭,4,2018-12-14,43PuMrRfbyyuz4QpZ3oAwN,"TrapSoul/RCA Records",2B,USRC11502185
10,"After Dark (feat. Static Major & Ty Dolla $ign)","Drake,Static Major,Ty Dolla $ign",58,142,"rap, ","Hip Hop","Scorpion",2018-06-29,04:49,69,43,4,0,34,10,10,-13,D,4,2019-01-03,3mvYQKm8h6M5K5h0nVPY9S,"Cash Money/Drake LP6",10B,USCM51800213
11,"Diced Pineapples","Rick Ross,Wale,Drake",65,111,"southern hip hop, rap","Hip Hop","God Forgives, I Don't (Deluxe Edition)",2012-01-01,04:36,51,74,35,0,38,20,20,-6,D,5,2019-01-03,27mF2eUbhExYWiOT0y9cuc,"Def Jam Recordings",10B,USUM71207096
12,"24/7 (feat. Ella Mai)","Meek Mill,Ella Mai",62,87,"rap, r&b","R&B, Hip Hop","Championships",2018-11-30,03:41,66,71,1,0,37,30,20,-5,C,4,2019-01-03,6irE4Fbjbry3czv7mTxVSB,"MMG/Atlantic",8B,USAT21812563
13,"Close Friends (Lil Baby & Gunna)","Lil Baby",75,159,"","","Drip Harder",2018-10-05,03:23,67,58,5,0,70,30,0,-5,A#/B♭ minor,4,2019-01-03,5nzhL67GpF9szXWg5y509A,"Quality Control Music/Young Stoner Life Records, a 300 Entertainment Label/Motown Records/Capitol Records",3A,USUG11801853
14,"Don't","Bryson Tiller",86,97,"r&b","R&B","T R A P S O U L",2015-10-02,03:18,77,36,22,0,19,20,10,-6,B minor,4,2018-12-14,3pXF1nA74528Edde4of9CC,"TrapSoul/RCA Records",10A,USRC11501051
15,"In Check","Bryson Tiller",48,116,"r&b","R&B","True to Self",2017-05-26,03:18,45,21,94,0,42,10,10,-13,F,4,2018-12-14,4nBhjVklA3Mtnyzshg4KmD,"TrapSoul/RCA Records",7B,USRC11700947
16,"It Takes Time","Trippie Redd",0,90,"melodic rap","Hip Hop","A Love Letter To You",2017-05-14,04:42,85,30,37,0,42,10,10,-16,A#/B♭,4,2019-01-03,7022xokeCJFSeZxw2npVkn,"Strainge Entertainment",6B,QMEU31708084
17,"Open Interlude","Bryson Tiller",55,119,"r&b","R&B","T R A P S O U L",2015-10-02,02:41,47,45,71,0,40,20,10,-12,D minor,4,2018-12-14,2uYnktBpKbr8YuiLit7WiZ,"TrapSoul/RCA Records",7A,USRC11502189
18,"Breather","Lil Durk,Ty Dolla $ign,PARTYNEXTDOOR",0,132,"drill, r&b","Hip Hop, R&B","Just Cause Y'all Waited",2018-03-30,04:36,81,51,8,0,61,10,10,-7,F minor,4,2019-01-03,6wlK5pPaeWWAS4Fzff3hcK,"Lil Durk",4A,USUYG1190339
19,"All That (Lady)","The Game,Lil Wayne,Big Sean,Fabolous,Jeremih",46,88,"west coast hip hop, gangster rap, rap, hip hop, ","Hip Hop","Jesus Piece (Deluxe)",2012-01-01,03:34,47,70,35,0,53,40,30,-7,E minor,4,2019-01-03,1V9G1UraAEEDJMxXIlaZF9,"Aftermath/The Game",9A,USUM71214421
20,"The Sequence","Bryson Tiller",53,131,"r&b","R&B","T R A P S O U L",2015-10-02,03:14,53,50,17,0,54,30,30,-9,C♯/D♭ minor,4,2018-12-14,5vjV8rtLO9H1XVMFTXSbnZ,"TrapSoul/RCA Records",12A,USRC11502193
21,"Losin Control","Russ",74,97,"","","There's Really A Wolf",2017-05-05,03:57,76,25,52,0,21,10,10,-7,F#/G♭,4,2019-01-03,4cxMGhkinTocPSVVKWIw0d,"Columbia",2B,USSM11606199
22,"Aston Martin Music","Rick Ross,Drake,Chrisette Michele",74,172,"southern hip hop, rap, neo soul, jersey club, r&b","Electronic, R&B, Hip Hop","Teflon Don",2010-01-01,04:30,57,58,1,0,40,20,0,-6,C♯/D♭,4,2019-01-03,5W7xC99N2Zzfh69r7I7zWK,"Def Jam Recordings",3B,USUM71017798
23,"Call Out My Name","The Weeknd",2,134,"","","My Dear Melancholy,",2018-03-30,03:48,45,60,21,0,17,0,30,-5,C♯/D♭,3,2019-01-03,4MPTj8lMMvxLwT3EwuXFop,"Universal Republic Records",3B,USUG11800560
24,"Teach Me a Lesson","Bryson Tiller",48,121,"r&b","R&B","True to Self",2017-05-26,03:27,62,42,65,0,48,20,20,-8,C,4,2018-12-14,4KVVCo25PROevpOdHyvYRk,"TrapSoul/RCA Records",8B,USRC11700957
25,"Sure Thing","Miguel",87,81,"r&b","R&B","All I Want Is You",2010-11-26,03:15,68,61,3,0,50,10,10,-8,B minor,4,2019-01-03,0JXXNGljqupsJaZsgSbMZV,"Jive",10A,USJI10800160
26,"Been That Way","Bryson Tiller",61,183,"r&b","R&B","T R A P S O U L",2015-10-02,03:19,53,76,3,0,80,20,10,-6,F#/G♭,5,2018-12-14,0zg5XJPiga7E5FxiehriG2,"TrapSoul/RCA Records",2B,USRC11502076
27,"Adorn","Miguel",75,179,"r&b","R&B","Kaleidoscope Dream",2012-09-28,03:13,63,58,5,0,24,10,10,-6,B minor,4,2019-01-03,25cUhiAod71TIQSNicOaW3,"ByStorm Entertainment/RCA Records",10A,USRC11200647
28,"Somethin Tells Me","Bryson Tiller",53,90,"r&b","R&B","True to Self",2017-05-26,03:14,74,59,4,0,44,20,10,-7,F minor,4,2018-12-14,3Jrs7cC2OJNlNSy9VnDOMZ,"TrapSoul/RCA Records",4A,USRC11700909
29,"FREAK IN YOU","PARTYNEXTDOOR",0,87,"r&b","R&B","COLOURS 2",2017-06-02,04:32,47,42,14,0,12,0,10,-9,C♯/D♭,4,2019-01-04,16aNJYinJv9AAetWD5yJen,"OVO Sound/Warner Records",3B,USWB11700877
30,"Set It Off","Bryson Tiller",51,146,"r&b","R&B","True to Self",2017-05-26,03:37,54,51,55,0,27,10,20,-10,G minor,4,2018-12-14,1oQQ5pf4hft7C3s75B8fXb,"TrapSoul/RCA Records",6A,USRC11700963
31,"Treat Me Like Somebody","Tink",0,129,"","","Winter's Diary 2",2014-00-00,03:58,53,36,47,0,55,10,0,-11,E,4,2019-01-04,2mx4wF6IW1mfZmWtENDBUU,"Machine Entertainment Group",12B,QZ57A1809131
32,"Overtime","Bryson Tiller",67,106,"r&b","R&B","T R A P S O U L",2015-10-02,03:38,66,50,25,0,59,10,30,-8,C♯/D♭,4,2018-12-14,2gq9iG0maBxkuZI7yfGJuv,"TrapSoul/RCA Records",3B,USRC11502199
33,"Can't Get Enough","K CAMP",29,104,"","","This For You",2018-09-11,02:36,70,52,49,0,65,40,0,-10,C♯/D♭,4,2019-01-03,41Hlu9yJK4AhTLeUMS7pNQ,"4.27 Music Group",3B,USUYG1216763
34,"Nevermind This Interlude","Bryson Tiller",47,114,"r&b","R&B","True to Self",2017-05-26,02:14,91,60,31,0,55,0,0,-3,F,4,2018-12-14,0kZOgFGhGfYW5WmdiTb5VV,"TrapSoul/RCA Records",7B,USRC11700965
35,"Property (feat. Keke Palmer)","TK Kravitz,Keke Palmer",37,76,"","","2.0",2018-06-22,03:13,56,34,20,0,38,40,10,-15,F minor,4,2019-01-04,3q9AtvPJS3xHHmENa6Ilb5,"300 Entertainment",4A,QMCE31801865
36,"Right My Wrongs","Bryson Tiller",83,133,"r&b","R&B","T R A P S O U L",2015-10-02,04:09,54,45,35,0,29,0,10,-8,C♯/D♭,4,2018-12-14,5rgrBsAFYMun6yhtnLKRPz,"TrapSoul/RCA Records",3B,USRC11502201
37,"Always (Outro)","Bryson Tiller",41,131,"r&b","R&B","True to Self",2017-05-26,02:30,41,43,12,0,17,0,0,-10,C minor,4,2018-12-14,5TY8TK26gzqUcVLSymvNx9,"TrapSoul/RCA Records",5A,USRC11700969
38,"21 Questions","50 Cent,Nate Dogg",75,90,"east coast hip hop, g-funk, west coast hip hop","Hip Hop, R&B","Get Rich Or Die Tryin'",2003-02-06,03:44,58,81,35,0,91,30,0,-4,F#/G♭ minor,4,2019-01-05,41bIQPBE1lFN0mmw6Lmssz,"Shady Records",11A,USIR10300002
39,"changes","XXXTENTACION",77,65,"emo rap","Hip Hop, Rock","?",2018-03-16,02:01,67,31,88,0,52,0,10,-10,B,4,2019-01-07,7AFASza1mXqntmGtbxXprO,"Bad Vibes Forever, LLC",1B,USUG11800211
40,"Best Friend","50 Cent",68,182,"east coast hip hop","Hip Hop","Get Rich Or Die Tryin'- The Original Motion Picture Soundtrack",2005-01-01,04:11,55,64,40,0,66,30,10,-4,A#/B♭ minor,4,2019-01-11,7jdzEA44GdSp4laVCF3Ztw,"G-Unit Records",3A,USUM70504512
41,"In The Morning","J. Cole,Drake",71,83,"rap","Hip Hop","Cole World: The Sideline Story",2011-09-27,03:54,44,67,76,0,48,40,20,-11,D#/E♭ minor,4,2019-01-11,4OkiWfrZKmmVoILXk8JEtl,"Roc Nation LLC",2A,USQX91100167
42,"Ocean (feat. Jacquees)","TK Kravitz,Jacquees",62,134,"r&b","R&B","2.0",2018-06-22,03:39,71,26,27,0,34,10,20,-18,C♯/D♭ minor,4,2019-01-11,2yI8omCrTAyrTcK7NRppu7,"300 Entertainment",12A,QMCE31801628
43,"4275 feat. Birdman","Jacquees,Birdman",42,128,"r&b, southern hip hop","R&B, Hip Hop","4275 (Bonus Version)",2018-09-07,04:00,66,59,31,0,45,0,10,-7,D#/E♭ minor,4,2019-01-11,0U40CRPV139EmYTcpyc2c5,"Republic Records",2A,USCM51700313
44,"B.E.D.","Jacquees",78,122,"r&b","R&B","4275 (Bonus Version)",2018-09-07,03:56,74,54,0,0,19,0,10,-7,C♯/D♭,4,2019-01-11,1B6TmCvKjC4dopBohVW51x,"Republic Records",3B,USCM51600265
45,"You","Jacquees",69,115,"r&b","R&B","4275 (Bonus Version)",2018-09-07,03:37,74,45,42,0,34,0,10,-8,G#/A♭ minor,4,2019-01-11,01jIO8SJFnpSiNLH1JaBZ5,"Republic Records",1A,USCM51800045
46,"House Or Hotel","Jacquees",46,124,"r&b","R&B","4275 (Bonus Version)",2018-09-07,03:37,71,45,6,0,28,0,10,-5,G#/A♭ minor,4,2019-01-11,3gxdoRpSolg2dPRLtNaQTf,"Republic Records",1A,USCM51700323
47,"Fuck A Friend Zone","DeJ Loaf,Jacquees",47,172,"r&b","R&B","Fuck A Friend Zone",2017-02-10,03:22,57,48,37,2,8,0,10,-12,C♯/D♭,4,2019-01-11,5qtdQvpD4Hv8j6FZITo7Us,"Yellow World / The Dispensary",3B,QZFL21812034
48,"No Better Love","DeJ Loaf,Jacquees",44,117,"r&b","R&B","Fuck A Friend Zone",2017-02-10,03:44,44,53,78,0,44,20,20,-10,A minor,4,2019-01-11,3vJ5g6oVQSYoIiEeQLgXZ0,"Yellow World / The Dispensary",8A,QZFL21812035
49,"Hold This","DeJ Loaf,Jacquees",40,125,"r&b","R&B","Fuck A Friend Zone",2017-02-10,02:17,75,37,38,0,42,10,10,-9,G#/A♭,4,2019-01-11,58m1hL3BPSTWWjzwdQLKdm,"Yellow World / The Dispensary",4B,QZFL21812037
50,"Deeper","DeJ Loaf,Jacquees",52,128,"r&b","R&B","Fuck A Friend Zone",2017-02-10,03:01,62,59,9,0,28,0,10,-6,F#/G♭ minor,4,2019-01-11,1R1xwAarIlfIanX27mqQPC,"Yellow World / The Dispensary",11A,QZFL21812038
51,"Want Your Sex","DeJ Loaf,Jacquees",50,133,"r&b","R&B","Fuck A Friend Zone",2017-02-10,02:41,58,76,0,0,19,10,20,-7,A#/B♭ minor,4,2019-01-11,1lCchFZvTcRGLq9WCSixyV,"Yellow World / The Dispensary",3A,QZFL21812041
52,"Hold You Up","DeJ Loaf,Jacquees",43,104,"r&b","R&B","Fuck A Friend Zone",2017-02-10,02:35,49,71,25,0,45,20,40,-5,A#/B♭ minor,4,2019-01-11,0ghMMDAQchfy2C2NQk5InC,"Yellow World / The Dispensary",3A,QZFL21812042
53,"The World Along With You","DeJ Loaf,Jacquees",42,91,"r&b","R&B","Fuck A Friend Zone",2017-02-10,02:37,37,63,41,0,39,20,30,-6,G#/A♭,5,2019-01-11,2NZH1Aa8QHKwLFUxOr4B9M,"Yellow World / The Dispensary",4B,QZFL21812046
54,"Inside feat. Trey Songz","Jacquees,Trey Songz",49,126,"r&b","R&B","4275 (Bonus Version)",2018-09-07,04:08,71,58,2,0,51,0,20,-6,B minor,4,2019-01-11,1yIEiamPoVQGpFsYaImNFY,"Republic Records",10A,USCM51700319
55,"Sunflower - Spider-Man: Into the Spider-Verse","Post Malone,Swae Lee",84,90,"","","Spider-Man: Into the Spider-Verse (Soundtrack From & Inspired by the Motion Picture)",2018-12-14,02:38,76,48,55,0,91,0,0,-6,D,4,2019-01-12,3KkXRkHbMCARz0aVfEt68P,"Universal Records",10B,USUM71814888
56,"Down Bitch","Casanova,A Boogie Wit da Hoodie",46,176,"brooklyn drill, melodic rap","Hip Hop","COMMISSARY",2018-06-29,04:16,65,67,24,0,76,40,0,-6,D#/E♭ minor,4,2019-01-18,5lsV4GoS0WSC8UP2ycQyXR,"Roc Nation Records",2A,QMJMT1801747
57,"Thinkin Bout You","Frank Ocean",87,130,"","","channel ORANGE",2012-07-10,03:20,72,34,41,0,20,0,10,-11,C,4,2019-01-21,7DfFc7a6Rwfi3YQMRbDMau,"Red Zone Entertainment / IDJ",8B,USUM71202995
58,"Since Way Back","Drake,PARTYNEXTDOOR",64,153,"rap, r&b","R&B, Hip Hop","More Life",2017-03-18,06:08,47,27,35,0,22,10,20,-11,C,4,2019-01-27,5JUu0unA8VwhTZ9LkMWUVI,"Cash Money Records/Young Money Ent./Universal Rec.",8B,USCM51700079
59,"2AM (feat. Tory Lanez & Davido)","Casanova,Tory Lanez,Davido",47,100,"brooklyn drill, afrobeats, afrobeat, afropop, afropiano, azonto, amapiano, hiplife, afroswing","R&B, Traditional Music, Electronic, Pop, Hip Hop","2AM (feat. Tory Lanez & Davido)",2019-01-18,03:30,77,69,21,0,60,20,10,-6,C,4,2019-02-12,6OIJcRL2yycLyIbzrwOUty,"Roc Nation Records",8B,QMJMT1801927
60,"Bang Your Line (feat. Ty Dolla $ign)","ELHAE,Ty Dolla $ign",40,96,"","","AURA II EP",2017-04-14,03:44,62,42,21,0,30,20,10,-9,C minor,4,2019-02-12,2v63nsrBRoEkFZGKaTXA2q,"Atlantic Records",5A,USAT21700862
61,"Best I Ever Had","Drake",79,162,"rap","Hip Hop","So Far Gone",2009-00-00,04:17,40,92,19,0,56,30,10,-2,C♯/D♭,4,2019-02-15,3QLjDkgLh9AOEHlhQtDuhs,"Young Money/Cash Money Records",3B,USCM51900161
62,"Sooner Than Later","Drake",58,95,"rap","Hip Hop","So Far Gone",2009-00-00,04:22,62,50,18,0,51,20,10,-6,F minor,4,2019-02-15,43iKgGbmfqPLh3mxUlospI,"Young Money/Cash Money Records",4A,USCM51900147
63,"Bria's Interlude (feat. Omarion)","Drake,Omarion",68,147,"rap, r&b","R&B, Hip Hop","So Far Gone",2009-00-00,02:19,49,51,21,0,24,0,10,-6,D minor,3,2019-02-15,4i3GraNMzBKze1WsVl38DS,"Young Money/Cash Money Records",7A,USCM51900148
64,"Could've Been (Remix) (feat. Tone Stith)","H.E.R.,Tone Stith",39,104,"r&b, ","R&B","Could've Been (Remix) (feat. Tone Stith)",2019-02-01,04:11,57,36,60,0,50,20,20,-11,C♯/D♭ minor,4,2019-02-15,6rxuWN8wr681a5vlQBv5bv,"MBK Entertainment/RCA Records",12A,USRC11900113
65,"Avenue","H.E.R.",53,83,"r&b","R&B","H.E.R.",2017-10-20,03:34,36,42,51,0,11,20,10,-11,G#/A♭,4,2019-02-15,3hAGmPnGix8RTb1vy5qZcb,"MBK Entertainment/RCA Records",4B,USRC11701142
66,"Focus","H.E.R.",68,85,"r&b","R&B","H.E.R.",2017-10-20,03:20,41,31,25,0,9,0,10,-13,C♯/D♭ minor,4,2019-02-15,3tZs3nVjySLbL320lP4mvs,"MBK Entertainment/RCA Records",12A,USRC11601790
67,"Best Part (feat. H.E.R.)","Daniel Caesar,H.E.R.",70,75,"r&b","R&B","H.E.R.",2017-10-20,03:29,47,37,79,0,41,0,10,-10,E minor,4,2019-02-15,4OBZT9EnhYIV17t4pGw7ig,"MBK Entertainment/RCA Records",9A,CADDS1700022
68,"Changes","H.E.R.",51,100,"r&b","R&B","H.E.R.",2017-10-20,03:33,67,33,35,0,21,0,0,-12,C minor,4,2019-02-15,6hSjs8T4KVAjGCkyw3sK2w,"MBK Entertainment/RCA Records",5A,USRC11700631
69,"Wait For It","H.E.R.",44,79,"r&b","R&B","H.E.R.",2017-10-20,02:15,74,35,20,0,29,20,10,-15,F,3,2019-02-15,2CcstVa4AIry0N18o0kChA,"MBK Entertainment/RCA Records",7B,USRC11601787
70,"Gone Away","H.E.R.",48,77,"r&b","R&B","H.E.R.",2017-10-20,04:09,37,34,67,0,30,10,10,-13,F#/G♭ minor,4,2019-02-15,50lP2u9FBdxwP2mHdaQ3DR,"MBK Entertainment/RCA Records",11A,USRC11701143
71,"I Won't","H.E.R.",48,174,"r&b","R&B","H.E.R.",2017-10-20,03:30,53,41,54,0,27,10,20,-11,C♯/D♭ minor,4,2019-02-15,4coITt1FG81SBmqJ1eSPxO,"MBK Entertainment/RCA Records",12A,USRC11700630
72,"Could've Been (feat. Bryson Tiller)","H.E.R.,Bryson Tiller",0,104,"r&b","R&B","I Used To Know Her: The Prelude",2018-08-03,04:08,55,33,64,0,40,10,20,-12,C♯/D♭ minor,4,2019-02-15,6lzLjIOyWTyTJvk0jraYee,"MBK Entertainment/RCA Records",12A,USRC11802598
73,"Lotus Flower Bomb (feat. Miguel)","Wale,Miguel",72,70,"r&b","R&B","Ambition",2011-10-28,03:33,51,60,61,0,35,10,0,-5,A minor,4,2019-02-20,3MAgQuClHcAV8E9CbeBS6f,"MMG/Warner Records",8A,USWB11102913
74,"That Way (feat. Jeremih & Rick Ross)","Wale,Jeremih,Rick Ross",56,73,"southern hip hop","Hip Hop","Ambition",2011-10-28,04:29,68,69,4,0,30,20,0,-6,F#/G♭ minor,4,2019-02-22,7FAXe9lI8vzAJYgYv2xoSC,"MMG/Warner Records",11A,USWB11100878
75,"Dangerous (feat. Jeremih and PnB Rock)","Meek Mill,Jeremih,PnB Rock",67,86,"rap, melodic rap","Hip Hop","Championships",2018-11-30,03:53,73,49,5,0,56,30,0,-8,C,4,2019-02-24,3lb5fWSG2p7x8ik8HN9oFR,"MMG/Atlantic",8B,USAT21803440
76,"The Need to Know (feat. SZA)","Wale,SZA",64,94,"r&b","R&B","The Album About Nothing",2015-03-31,03:36,54,41,49,0,21,50,30,-14,G,4,2019-02-25,6KacmqPPQ3LNoiGFuqGChs,"MMG/Atlantic",9B,USAT21500570
77,"Come and See Me (feat. Drake)","PARTYNEXTDOOR,Drake",3,85,"r&b, rap","R&B, Hip Hop","PARTYNEXTDOOR 3 (P3)",2016-08-12,03:55,72,35,5,0,6,0,0,-10,B minor,4,2019-02-25,1wZqJM5FGDEl3FjHDxDyQd,"OVO Sound/Warner Records",10A,USWB11600360
78,"Planez","Jeremih,J. Cole",0,129,"rap","Hip Hop","Late Nights: The Album",2015-12-04,04:00,66,54,69,0,40,30,10,-8,F#/G♭,4,2019-02-25,3p5Qm3hxPwsBs4JjEifIu8,"Universal Music Group",2B,USUM71517404
79,"Wus Good / Curious","PARTYNEXTDOOR",10,83,"r&b","R&B","PARTYNEXTDOOR",2013-07-01,03:32,34,54,7,0,45,0,20,-8,G#/A♭ minor,5,2019-02-25,2ekdnv2xVIyAdG3ySoDDeY,"OVO Sound",1A,USWB11302162
80,"Czech Republic","Jeremih",0,123,"","","Late Nights: Europe",2016-08-24,03:38,80,33,54,0,33,10,0,-9,C,4,2019-02-25,2C27Dx5CNUXzULz7fknG35,"Universal Music Group",8B,USUM71608306
81,"Since Way Back","Drake,PARTYNEXTDOOR",0,153,"rap, r&b","R&B, Hip Hop","More Life",2017-03-18,06:08,47,27,35,0,22,10,20,-11,C,4,2019-02-25,1bVGWGMSNAzc8qhnXzx328,"Universal Music Group",8B,USCM51700079
82,"Impatient","Jeremih,Ty Dolla $ign",69,179,"","","Late Nights: The Album",2015-12-04,04:05,70,40,11,0,44,0,10,-6,F minor,4,2019-02-25,3WjyiSbfR74pjWXQ3IaFKJ,"Def Jam",4A,USUM71517405
83,"All The Time","Jeremih,Lil Wayne,Natasha Mosley",68,110,"rap, hip hop, ","Hip Hop","All The Time",2013-01-01,04:24,68,44,55,0,3,30,20,-9,A minor,4,2019-02-25,0USZx50eApN045zIIyjePN,"Def Jam",8A,USUM71303090
84,"Fire & Desire","Drake",0,80,"rap","Hip Hop","Views",2016-05-06,03:58,71,26,8,0,27,0,0,-14,C♯/D♭ minor,4,2019-02-25,2ZB8Zwf6wd3PUMlSJKR2bG,"Universal Music Group",12A,USCM51600092
85,"Woosah","Jeremih,Juicy J,Twista",0,79,"memphis rap, crunk, ","Hip Hop","Late Nights: The Album",2015-12-04,05:29,62,32,42,0,32,70,10,-12,A minor,5,2019-02-25,6Sv9pA1aaWmvNjY8GK9BWt,"Universal Music Group",8A,USUM71513405
86,"Sativa","Jhené Aiko,Rae Sremmurd",56,126,"r&b, ","R&B","Sativa feat. Rae Sremmurd",2018-01-22,03:59,53,61,38,0,68,10,0,-7,F#/G♭ minor,4,2019-02-25,5oKxax66OjT1ZD8UTCy61h,"Def Jam Recordings",11A,USUM71800009
87,"Recognize (feat. Drake)","PARTYNEXTDOOR,Drake",2,119,"r&b, rap","R&B, Hip Hop","PARTYNEXTDOOR TWO",2014-07-29,05:11,64,54,1,0,17,0,10,-6,D,4,2019-03-05,5wUUWVRvrciJqFitZF8R0P,"OVO Sound/Warner Records",10B,USWB11401866
88,"Hello","Adele",1,158,"soft pop","Pop","25",2016-06-24,04:55,48,45,34,0,29,0,0,-6,F minor,4,2019-04-13,4sPmO7WMQUAf45kwMOtONw,"XL Recordings/Columbia",4A,GBBKS1500214
89,"Girls Need Love (with Drake) - Remix","Summer Walker,Drake",0,97,"r&b, rap","R&B, Hip Hop","Girls Need Love (with Drake) [Remix]",2019-02-10,03:42,66,43,44,0,9,20,10,-9,F#/G♭ minor,4,2019-04-14,0mfCH4nfpshBQR9ueZP5eP,"Frozen Moments/LVRN/Interscope Records",11A,USUM71903117
90,"EX - Remix","Kiana Ledé,Lil Baby",48,73,"","","EX (Remix)",2019-03-08,03:16,78,54,33,0,40,10,0,-7,C,4,2019-04-14,4LfoYkTuIPgJ2RlNkN5P5C,"The Heavy Group/Republic Records",8B,USUM71903571
91,"Can't Believe It (feat. Lil' Wayne)","T-Pain,Lil Wayne",0,121,"rap, hip hop","Hip Hop","Can't Believe It (feat. Lil' Wayne)",2008-07-28,04:35,58,55,0,0,8,0,0,-8,A#/B♭ minor,5,2019-04-28,6m1sJMWeAkCG5eECKaGFew,"Jive",3A,USJI10800336
92,"I'm Sprung","T-Pain",9,100,"","","Rappa Ternt Sanga",2005-00-00,03:51,72,33,9,0,17,10,0,-12,C minor,4,2019-04-28,0F7rEdewJ6cSLylOZZpDu7,"Jive",5A,USJI10500485
93,"I'm N Luv (Wit a Stripper) (feat. Mike Jones)","T-Pain,Mike Jones",1,145,"southern hip hop, crunk","Hip Hop","Rappa Ternt Sanga",2005-00-00,04:25,73,37,1,0,51,0,10,-10,G#/A♭,4,2019-04-28,1lih9AUGlOI2qbAkptdBsr,"Jive",4B,USJI10500770
94,"Let Me Explain","Bryson Tiller",68,120,"r&b","R&B","Let Me Explain",2016-10-20,03:43,81,50,0,0,53,10,0,-3,D,4,2019-05-10,1trZGMI2CGyVT44STkpCoN,"TrapSoul/RCA Records",10B,USRC11602523
95,"Priorities","Sy Ari Da Kid,Bryson Tiller",0,96,"r&b","R&B","B4 the Heartbreak",2016-02-27,05:42,46,9,78,0,20,0,10,-22,E minor,4,2019-05-10,5NbbXcbCFwOH113niPHDjP,"P.U.S.H. LLC",9A,USJ3V1383580
96,"Redemption","Drake",69,120,"rap","Hip Hop","Views",2016-05-06,05:33,69,31,61,0,34,10,10,-8,C,4,2019-05-15,4cRBqWBjuccCowYVHFlXK6,"Cash Money Records/Young Money Ent./Universal Rec.",8B,USCM51600072
97,"Shut It Down","Drake,The-Dream",63,120,"rap, r&b","R&B, Hip Hop","Thank Me Later",2010-01-01,06:59,59,43,41,0,40,0,10,-9,A minor,4,2019-05-17,3d8PDk3B4am5c6TsUCznUW,"Aspire Music Group, LLC",8A,USCM51000257
98,"Find Your Love","Drake",69,96,"rap","Hip Hop","Thank Me Later",2010-01-01,03:28,63,61,2,0,76,10,0,-6,F#/G♭ minor,4,2019-05-17,4BycRneKmOs6MhYG9THsuX,"Aspire Music Group, LLC",11A,USCM51000166
99,"Over My Dead Body","Drake",75,186,"rap","Hip Hop","Take Care (Deluxe)",2011-11-15,04:32,49,57,76,0,58,30,10,-10,C♯/D♭,4,2019-05-17,2Gnsof1hvZzjE1xdLRpjtf,"Cash Money Records/Young Money Ent./Universal Rec.",3B,USCM51100544
100,"Shot For Me","Drake",73,143,"rap","Hip Hop","Take Care (Deluxe)",2011-11-15,03:44,57,47,6,0,18,20,50,-12,D,4,2019-05-17,6Z01gUquJsjJC67uNWm6P0,"Cash Money Records/Young Money Ent./Universal Rec.",10B,USCM51100545
101,"Crew Love","Drake,The Weeknd",73,160,"rap, ","Hip Hop","Take Care (Deluxe)",2011-11-15,03:28,42,55,23,0,29,20,20,-9,C minor,4,2019-05-17,0V4l4GQhgnWQGtCWpvA7va,"Cash Money Records/Young Money Ent./Universal Rec.",5A,USCM51100546
102,"Marvins Room","Drake",78,112,"rap","Hip Hop","Take Care (Deluxe)",2011-11-15,05:47,49,26,65,0,31,0,0,-17,A minor,5,2019-05-17,047fCsbO4NdmwCBn8pcUXl,"Cash Money Records/Young Money Ent./Universal Rec.",8A,USCM51100267
103,"Doing It Wrong","Drake",73,101,"rap","Hip Hop","Take Care (Deluxe)",2011-11-15,04:25,40,17,84,0,12,0,10,-16,F#/G♭ minor,4,2019-05-17,4eSGSqP2TZvvX0kadZZttM,"Cash Money Records/Young Money Ent./Universal Rec.",11A,USCM51100564
104,"Look What You've Done","Drake",74,134,"rap","Hip Hop","Take Care (Deluxe)",2011-11-15,05:01,50,35,49,0,27,30,10,-15,D#/E♭ minor,4,2019-05-17,7t1lBIr3WIEtqQEOdZFMUf,"Cash Money Records/Young Money Ent./Universal Rec.",2A,USCM51100568
105,"Furthest Thing","Drake",0,137,"rap","Hip Hop","Nothing Was The Same (Deluxe)",2013-01-01,04:27,48,78,15,0,27,10,0,-5,A minor,4,2019-05-17,6cT5orvyKqwghJp6KB9vG0,"Aspire Music Group, LLC",8A,USCM51300736
106,"Jungle","Drake",75,100,"rap","Hip Hop","If You're Reading This It's Too Late",2015-02-12,05:20,70,24,62,0,38,0,10,-9,G,4,2019-05-17,7JXZq0JgG2zTrSOAgY8VMC,"Cash Money Records/Young Money Ent./Universal Rec.",9B,USCM51500037
107,"U With Me?","Drake",66,175,"rap","Hip Hop","Views",2016-05-06,04:57,43,43,34,0,13,10,10,-11,D,4,2019-05-17,03L2AoiRbWhvt7BDMx1jUB,"Cash Money Records/Young Money Ent./Universal Rec.",10B,USCM51600065
108,"4422","Drake,Sampha",68,112,"rap, ","Hip Hop","More Life",2017-03-18,03:06,61,23,56,4,19,0,10,-12,B minor,4,2019-05-17,2fkeWbM6iqTw7oGHTYm2lw,"Cash Money Records/Young Money Ent./Universal Rec.",10A,USCM51700060
109,"Nothings Into Somethings","Drake",65,97,"rap","Hip Hop","More Life",2017-03-18,02:33,77,23,33,0,26,10,30,-8,B minor,4,2019-05-17,6MbH1QiphMCPTqVEVC7UYi,"Cash Money Records/Young Money Ent./Universal Rec.",10A,USCM51700074
110,"Teenage Fever","Drake",82,97,"rap","Hip Hop","More Life",2017-03-18,03:39,77,28,11,2,14,0,10,-10,G#/A♭ minor,4,2019-05-17,6n3HGiq4v35D6eFOSwqYuo,"Cash Money Records/Young Money Ent./Universal Rec.",1A,USCM51700048
111,"Lose You","Drake",65,90,"rap","Hip Hop","More Life",2017-03-18,05:05,53,58,70,0,38,30,30,-9,E,4,2019-05-17,2Na0z2gfN67Rzf0vp74Wi3,"Cash Money Records/Young Money Ent./Universal Rec.",12B,USCM51700071
112,"Peak","Drake",61,92,"rap","Hip Hop","Scorpion",2018-06-29,03:26,69,22,85,0,27,0,10,-14,A minor,4,2019-05-17,11L064movtyopGdLiX4sVg,"Cash Money/Drake LP6",8A,USCM51800220
113,"Jaded","Drake",73,116,"rap","Hip Hop","Scorpion",2018-06-29,04:22,76,27,4,0,4,0,10,-6,C,4,2019-05-17,4c2xt1trwYZpMqPWY35Xi9,"Cash Money/Drake LP6",8B,USCM51800227
114,"Keshia Had A Baby (feat. Rose Gold)","YG,Rose Gold",39,98,"neo soul","R&B","4REAL 4REAL",2019-05-24,03:57,85,49,2,0,23,10,0,-6,G#/A♭,4,2019-06-14,7Me3i3btcfoCNftr11iKtf,"Def Jam Recordings",4B,USUM71905776
115,"I Think I Love You","Phora",0,115,"","","With Love",2016-10-11,03:30,54,45,61,0,47,50,0,-12,F#/G♭,5,2019-06-17,39stgJx17gXBtxvPGlVJfl,"Phora LLC",2B,TCACR1698262
116,"For However Long","Bryson Tiller",59,100,"r&b","R&B","T R A P S O U L",2015-10-02,02:04,58,64,42,0,42,0,10,-7,F,4,2019-06-30,5g30WoqK1Dv5Bnwpusp2vk,"TrapSoul/RCA Records",7B,USRC11502187
117,"Birthday Sex","Jeremih",77,60,"","","Jeremih",2009-01-01,03:46,68,52,30,0,45,0,10,-6,G minor,4,2019-06-30,4NpDZPwSXmL0cCTaJuVrCw,"Bu Vision LLC / IDJ",6A,USUM70959630
118,"Needs","ELHAE",45,125,"","","All Have Fallen",2016-03-11,03:25,51,33,66,0,23,0,10,-13,B minor,4,2019-06-30,7KdRu0h7PQ0Ecfa37rUBzW,"Atlantic Records",10A,USAT21600712
119,"Selfish","PnB Rock",72,102,"melodic rap","Hip Hop","GTTM: Goin Thru the Motions",2017-01-13,04:05,64,60,11,0,4,0,10,-6,C♯/D♭ minor,4,2019-07-06,2xbI8Vmyv3TkpTdywpPyNw,"EMPIRE / Atlantic Recording Corporation",12A,USUYG1121848
120,"Issues (feat. Russ)","PnB Rock,Russ",45,84,"melodic rap, ","Hip Hop","Catch These Vibes",2017-11-17,03:52,66,64,20,0,21,0,10,-7,A,4,2019-07-06,1ysDVWxBj5Set0fA05TcyP,"Atlantic Records",11B,USAT21704677
121,"No Guidance (feat. Drake)","Chris Brown,Drake",2,93,"r&b, rap","R&B, Hip Hop","No Guidance (feat. Drake)",2019-06-08,04:20,70,45,12,0,14,10,10,-7,C♯/D♭ minor,4,2019-07-10,7FEwp8BavoEVE3AnxJDchc,"Chris Brown Entertainment/RCA Records",12A,USRC11901583
122,"Blame","Bryson Tiller",66,115,"r&b","R&B","Blame",2019-07-26,02:07,73,38,3,0,32,10,10,-9,B minor,4,2019-07-26,6S5dMjMifQYmyTu1mX4f8P,"TrapSoul/RCA Records",10A,USRC11902083
123,"Trust Issues","Drake",80,89,"rap","Hip Hop","Care Package",2019-08-02,04:41,42,54,78,0,52,20,10,-5,B minor,3,2019-08-02,4Wjhj0WjkyECccfHVIgaTq,"OVO",10A,USUG11902746
124,"I Get Lonely","Drake",60,81,"rap","Hip Hop","Care Package",2019-08-02,04:13,48,50,71,0,69,0,10,-9,B minor,4,2019-08-02,3sMC6vfTTSa0mMAPTwzDVD,"OVO",10A,USUG11902751
125,"My Side","Drake",51,81,"rap","Hip Hop","Care Package",2019-08-02,04:54,55,50,60,0,39,10,10,-6,F#/G♭ minor,4,2019-08-02,4alHkxxwAhvoGg3dJCATKV,"OVO",11A,USUG11902752
126,"Club Paradise","Drake",68,184,"rap","Hip Hop","Care Package",2019-08-02,04:43,34,73,76,0,54,10,10,-6,F#/G♭ minor,4,2019-08-02,6MR5IBSNfDmiwnrlQpVw4w,"OVO",11A,USUG11902754
127,"Girls Love Beyoncé (feat. James Fauntleroy)","Drake,James Fauntleroy",60,126,"rap, ","Hip Hop","Care Package",2019-08-02,03:45,62,49,78,0,33,40,10,-11,B minor,4,2019-08-02,56NDFbD0tCUawnqeU2wcvv,"OVO",10A,USUG11902757
128,"Paris Morton Music","Drake",63,172,"rap","Hip Hop","Care Package",2019-08-02,04:11,51,49,41,0,14,30,10,-9,A#/B♭ minor,4,2019-08-02,73IE87H0g2MBmdn41lkVto,"OVO",3A,USUG11902758
129,"Break from Toronto","PARTYNEXTDOOR",11,117,"r&b","R&B","PARTYNEXTDOOR",2013-07-01,01:39,60,68,2,0,26,0,40,-5,A,4,2019-08-04,79MSEdtXuudhGhC5AtG07g,"OVO Sound",11B,USWB11302160
130,"Not Nice","PARTYNEXTDOOR",1,128,"r&b","R&B","PARTYNEXTDOOR 3 (P3)",2016-08-12,03:22,60,50,3,0,73,0,10,-9,C,4,2019-08-04,4STaHtfguDMkWbPEo6Fwcx,"OVO Sound/Warner Records",8B,USWB11601391
131,"Right Now","PARTYNEXTDOOR",1,83,"r&b","R&B","PARTYNEXTDOOR",2013-07-01,04:03,41,72,1,0,5,10,50,-3,A,4,2019-08-04,7Dx08NB4kG5k7xW3iRc5nM,"OVO Sound",11B,USWB11302158
132,"Her Way","PARTYNEXTDOOR",0,111,"r&b","R&B","PARTYNEXTDOOR TWO",2014-07-29,03:36,55,49,5,0,12,0,0,-10,C♯/D♭,4,2019-08-04,2hyfepwCRQsenxVLzsaOtA,"OVO Sound/Warner Records",3B,USWB11401862
133,"Surface","Mustard,Ty Dolla $ign,Ella Mai",47,89,"r&b","R&B","Perfect Ten",2019-06-28,03:14,48,48,13,0,48,0,40,-8,F minor,4,2019-08-21,0y1lLLaSzHIVQZKHEfwOrm,"10 Summers Records/Interscope Records",4A,USUM71911807
134,"CYANIDE","Daniel Caesar",53,158,"","","CASE STUDY 01",2019-06-28,03:14,59,65,70,0,49,30,10,-7,A#/B♭,4,2019-08-21,3uouaAVXpQR3X8RYkJyitQ,"Golden Child Recordings",6B,QM6N21983282
135,"Heat (feat. Gunna)","Chris Brown,Gunna",66,82,"r&b, melodic rap","Hip Hop, R&B","Indigo",2019-06-28,03:52,62,61,6,0,48,0,10,-6,C,4,2019-08-21,1GIYmwtBbPSHrqcSaukZck,"Chris Brown Entertainment/RCA Records",8B,USRC11901581
136,"Prada You","Lil Durk",0,150,"drill","Hip Hop","Love Songs 4 The Streets 2",2019-08-02,02:38,79,61,1,0,50,30,10,-7,C♯/D♭ minor,4,2019-08-24,3mALfB3BW90Nw8qPNVOwiB,"Alamo (Interscope Records)",12A,USUM71914455
137,"Canceled","Bryson Tiller",55,94,"r&b","R&B","Canceled",2018-09-11,03:03,77,61,16,1,11,10,0,-5,F minor,4,2019-08-24,3TOfcOKNuu6ZPZXJie5msH,"TrapSoul/RCA Records",4A,USRC11803170
138,"Poetic Justice","Kendrick Lamar,Drake",77,136,"hip hop, west coast hip hop, rap","Hip Hop","good kid, m.A.A.d city (Deluxe)",2012-00-00,05:00,78,57,16,0,64,30,20,-10,F#/G♭ minor,4,2019-08-27,2P3SLxeQHPqh8qKB6gtJY2,"Aftermath",11A,USUM71211004
139,"D.T.B. (Interlude)","A Boogie Wit da Hoodie",64,84,"melodic rap","Hip Hop","Artist",2016-09-16,04:47,59,85,71,0,45,50,10,-6,A#/B♭ minor,4,2019-09-02,6dKHEOxmG7I6SraR7QFT6e,"Highbridge The Label",3A,USAT21602671
140,"Karaoke","Drake",54,151,"rap","Hip Hop","Thank Me Later",2010-01-01,03:47,76,65,1,3,95,10,0,-7,C,4,2019-09-15,5bDEA48Dxyxoc3K4Dt7yRE,"Aspire Music Group, LLC",8B,USCM51000252
141,"Power Trip (feat. Miguel)","J. Cole,Miguel",7,100,"rap, r&b","R&B, Hip Hop","Born Sinner",2013-06-14,04:01,67,61,32,0,47,20,40,-7,C♯/D♭,4,2019-09-18,7FOJvA3PxiIU0DN3JjQ7jT,"Roc Nation/Columbia",3B,USQX91300310
142,"Crooked Smile (feat. TLC)","J. Cole,TLC",7,81,"rap, ","Hip Hop","Born Sinner",2013-06-14,04:38,61,78,43,0,48,20,60,-6,G,4,2019-09-18,6JG0qhINKVwiHxqN85j7RG,"Roc Nation/Columbia",9B,USQX91301190
143,"Love Yourz","J. Cole",2,76,"rap","Hip Hop","2014 Forest Hills Drive",2014-12-09,03:31,50,62,61,0,40,40,10,-9,G#/A♭,1,2019-09-18,4gkl7QbQvBd3TM9PhlWFkI,"Roc Nation/Columbia",4B,USQX91402601
144,"Furthest Thing","Drake",53,137,"rap","Hip Hop","Nothing Was The Same (Deluxe)",2013-01-01,04:27,48,78,15,0,27,10,0,-5,A minor,4,2019-09-20,6E1ILfm6wNkA6kautk3mQP,"Cash Money Records/Young Money Ent./Universal Rec.",8A,USCM51300736
145,"Too Much","Drake,Sampha",51,140,"rap, ","Hip Hop","Nothing Was The Same (Deluxe)",2013-01-01,04:21,64,57,17,0,15,50,10,-6,F#/G♭,4,2019-09-20,4XKBoqWQjPdNM4t0znWu7E,"Cash Money Records/Young Money Ent./Universal Rec.",2B,USCM51300752
146,"Controlla","Drake",75,92,"rap","Hip Hop","Views",2016-05-06,04:05,59,47,8,0,35,10,10,-11,A#/B♭ minor,4,2019-09-20,3O8NlPh2LByMU9lSRSHedm,"Cash Money Records/Young Money Ent./Universal Rec.",3A,USCM51600080
147,"Passionfruit","Drake",87,112,"rap","Hip Hop","More Life",2017-03-18,04:58,81,46,26,9,36,0,10,-11,B,4,2019-09-20,5mCPDVBb16L4XQwDdbRUpz,"Cash Money Records/Young Money Ent./Universal Rec.",1B,USCM51700072
148,"Playing Games (with Bryson Tiller) - Extended Version","Summer Walker,Bryson Tiller",76,116,"r&b","R&B","Over It",2019-10-04,02:23,73,41,60,0,46,0,20,-7,B minor,4,2019-10-07,2xyx0o4xNOLLjBSbOOdcbA,"LVRN/Interscope Records",10A,USUM71919639
149,"Just Might (with PARTYNEXTDOOR)","Summer Walker,PARTYNEXTDOOR",71,105,"r&b","R&B","Over It",2019-10-04,03:25,69,38,67,0,18,0,10,-8,G,4,2019-10-07,43IMaycr34ZR5kS8mlL5hH,"LVRN/Interscope Records",9B,USUM71919093
150,"On Chill (feat. Jeremih)","Wale,Jeremih",66,171,"","","Wow... That's Crazy",2019-10-11,03:34,60,73,13,0,64,40,10,-6,C♯/D♭,4,2019-11-07,5z51HY4ei5QhTjcvwq5Msw,"MMG/Warner Records",3B,USWB11901623
151,"Stretch You Out (feat. A Boogie wit da Hoodie)","Summer Walker,A Boogie Wit da Hoodie",60,103,"r&b, melodic rap","Hip Hop, R&B","Over It",2019-10-04,02:23,64,52,25,0,25,10,0,-7,C♯/D♭ minor,4,2019-11-15,4Qxn47gWPSucovKrMyRf1z,"LVRN/Interscope Records",12A,USUM71919082
152,"I'll Kill You (feat. Jhené Aiko)","Summer Walker,Jhené Aiko",69,104,"r&b","R&B","Over It",2019-10-04,02:59,68,44,43,0,36,10,10,-9,A#/B♭ minor,4,2019-11-15,7EkiMl81fUHVwpItgtzI4r,"LVRN/Interscope Records",3A,USUM71919099
153,"Round II","Jacquees",45,122,"r&b","R&B","King of R&B",2019-11-08,04:02,76,58,37,0,64,10,30,-7,G#/A♭ minor,4,2019-11-17,4XbQfQIKdpnUxGQ183u6IO,"Cash Money Records Inc.",1A,USCM51900440
154,"LOYAL (feat. Drake)","PARTYNEXTDOOR,Drake",1,105,"r&b, rap","R&B, Hip Hop","LOYAL (feat. Drake)",2019-11-22,03:17,87,53,52,0,20,0,0,-6,C minor,4,2019-11-22,5bvnqVuq7UFl0txSlHpsfS,"OVO Sound/Warner Records",5A,USWB11902978
155,"THE NEWS","PARTYNEXTDOOR",0,117,"r&b","R&B","THE NEWS",2019-11-21,04:27,74,47,30,0,28,0,10,-8,G minor,4,2019-12-01,5A3TwAmhxbQ1qZCJ8N2H8C,"OVO Sound/Warner Records",6A,USWB11902977
156,"High Fashion (feat. Mustard)","Roddy Ricch,Mustard",72,98,"melodic rap, ","Hip Hop","Please Excuse Me for Being Antisocial",2019-12-06,03:40,83,50,27,0,51,10,30,-8,B minor,4,2019-12-11,07KXEDMj78x68D884wgVEm,"Atlantic Records",10A,USAT21906985
157,"Moonwalkin (feat. Lil Durk)","Roddy Ricch,Lil Durk",52,160,"melodic rap, drill","Hip Hop","Please Excuse Me for Being Antisocial",2019-12-06,02:47,78,58,2,0,30,20,10,-8,C♯/D♭ minor,4,2019-12-19,33NoCir8q4WA4HNmyrD3fu,"Atlantic Records",12A,USAT21906980
158,"Bacc Seat (feat. Ty Dolla $ign)","Roddy Ricch,Ty Dolla $ign",64,145,"melodic rap, ","Hip Hop","Please Excuse Me for Being Antisocial",2019-12-06,02:52,78,52,4,0,15,10,0,-7,C♯/D♭,4,2019-12-19,6In6SkveIw26thdYRhHTVX,"Atlantic Records",3B,USAT21906986
159,"Love... (Her Fault) [feat. Bryson Tiller]","Wale,Bryson Tiller",61,156,"r&b","R&B","Wow... That's Crazy",2019-10-11,03:32,59,60,7,0,34,60,10,-7,G,4,2019-12-21,6cSBm4mtcuFtClN6yDvjQo,"MMG/Warner Records",9B,USWB11902419
160,"Purple Emoji (feat. J. Cole)","Ty Dolla $ign,J. Cole",55,144,"rap","Hip Hop","Purple Emoji (feat. J. Cole)",2019-05-20,02:43,71,54,15,0,82,20,30,-5,G#/A♭,4,2019-12-21,3OJ4LEE50iFELaHiZ09zif,"Atlantic Records",4B,USAT21902776
161,"Fall Thru","Meek Mill",54,157,"rap","Hip Hop","Wins & Losses",2017-07-21,03:42,56,81,38,0,63,30,20,-4,A,4,2019-12-21,7dK9JJXrbDFc29n23BqUso,"MMG/Atlantic",11B,USAT21702441
162,"Black Bonnie (feat. Jacquees)","Wale,Jacquees",36,93,"r&b","R&B","Wow... That's Crazy",2019-10-11,02:57,69,52,48,0,48,40,40,-7,B,4,2019-12-21,38m4IkUzgL4z86ERRs6IDM,"MMG/Warner Records",1B,USUYG1188142
163,"Leave You Alone","Jeezy,Ne-Yo",66,95,"southern hip hop, crunk, rap, gangster rap, ","Hip Hop","TM:103 Hustlerz Ambition (Deluxe)",2011-01-01,05:29,67,66,17,0,45,0,30,-8,B minor,4,2019-12-24,5GOqOUVv7vk0jWDdNToHtA,"Def Jam Recordings",10A,USUM71118884
164,"Catch The Sun - From  Queen & Slim: The Soundtrack ","Lil Baby",32,83,"","","Queen & Slim: The Soundtrack",2019-11-15,03:02,54,61,18,0,10,10,10,-7,C♯/D♭,4,2019-12-27,75gbML78pDH3T5dvgQCjCe,"Motown Records",3B,USUG11902873
165,"Jerry Sprunger (with T-Pain)","Tory Lanez,T-Pain",64,100,"","","Chixtape 5",2019-11-15,03:53,76,75,14,0,45,20,0,-5,C minor,4,2019-12-30,6JsHgIkMYHcbNtKfsal2Mg,"Mad Love/Interscope Records",5A,USUM71922072
166,"Verify (feat. Young Thug, Gunna)","Jacquees,Young Thug,Gunna",49,85,"r&b, rap, melodic rap, trap","Hip Hop, R&B","King of R&B",2019-11-08,02:43,53,63,3,0,28,10,0,-5,C♯/D♭,4,2019-12-31,1aWu9UgVzG5EKeFCP49Spj,"Cash Money Records Inc.",3B,USCM51900385
167,"FYT (with French Montana)","Jeremih,Ty Dolla $ign,French Montana",45,89,"","","MIH-TY",2018-10-26,04:05,66,45,4,0,55,0,30,-9,C♯/D♭ minor,4,2020-01-04,0ZwHNhwxDhUYHYkSkHxMf0,"Def Jam Recordings./ Atlantic Recording Corporation",12A,USUM71817301
168,"Here I Am","Rick Ross,Nelly,Avery Storm",1,110,"southern hip hop, ","Hip Hop","Trilla",2008-01-01,03:29,75,72,19,0,48,10,0,-6,A#/B♭ minor,4,2020-01-14,67yGTWcR72BZvsrSS2dHST,"Def Jam Recordings",3A,USUM70764319
169,"Body","Summer Walker",72,138,"r&b","R&B","Over It",2019-10-04,03:13,56,51,25,0,34,10,20,-6,B minor,4,2020-01-21,7vxLj7MREliG5i5vSnqSVr,"LVRN/Interscope Records",10A,USUM71919084
170,"Drunk Dialing...LODT","Summer Walker",58,126,"r&b","R&B","Over It",2019-10-04,02:14,56,44,60,0,11,10,20,-7,A,3,2020-01-21,0pzWCDSuVRX7m95EFOxVa0,"LVRN/Interscope Records",11B,USUM71919086
171,"Time (feat. Roddy Ricch)","Fabolous,Roddy Ricch",46,176,"melodic rap","Hip Hop","Summertime Shootout 3: Coldest Summer Ever",2019-11-29,03:40,45,61,51,0,43,30,20,-7,F#/G♭,4,2020-01-28,3Hx8hoMtBcIj2vbS9hCOvy,"Def Jam Recordings",2B,USUM71923153
172,"1Hunnid","K CAMP,Fetty Wap",57,88,"","","Only Way Is Up (Deluxe)",2014-09-04,03:35,79,41,9,0,46,10,10,-12,E,4,2020-02-12,4immekPm8Har57BB9DcDSj,"Family Ties / Interscope",12B,USUM71510082
173,"Blessing","K CAMP",45,126,"","","In Due Time",2014-04-22,02:48,62,40,28,0,22,0,10,-11,A minor,4,2020-02-12,49ONd7q61KYjSZE0A8gtCW,"Family Ties / Interscope",8A,USUM71404648
174,"Tell Em","Rich Homie Quan",54,91,"southern hip hop","Hip Hop","Rich Homie Cartel Vol 1",2014-12-09,04:03,53,63,1,0,30,10,60,-8,F#/G♭,4,2020-02-12,1EqTGC1pfGHm4zCxgxPmL3,"Richhomiezent",2B,QM6MZ1467191
175,"DnF (feat. Drake & Future)","Preme,Drake,Future",54,77,"rap","Hip Hop","Dear America",2014-09-09,03:25,71,60,8,0,55,30,30,-7,C minor,4,2020-02-12,5EMKS6mLi4JprJxy8IGdhT,"Reps/RCA Records",5A,USRC11401841
176,"The Body (feat. Jeremih)","Wale,Jeremih",56,109,"","","The Album About Nothing",2015-03-31,03:52,49,54,8,0,17,0,20,-8,A,4,2020-02-12,1cOi4OoRlpOznxiRa8FfHf,"MMG/Atlantic",11B,USAT21403985
177,"Comfortable","K CAMP",64,110,"","","Only Way Is Up (Deluxe)",2014-09-04,03:31,77,41,72,0,63,0,10,-9,G minor,4,2020-02-13,2BqQQXuBOuhaWeUP7okEx0,"Family Ties / Interscope",6A,USUM71507562
178,"Ice Cold","K CAMP",38,118,"","","Ice Cold",2019-12-13,03:15,94,42,8,0,60,10,10,-6,C♯/D♭,4,2020-02-16,7COMLGV3dJFiReMNUedpQj,"RARE Sound / Interscope / EMPIRE",3B,USUYG1285692
179,"Hold You Down","Quin Nfn,PnB Rock",0,170,"melodic rap","Hip Hop","4NUN",2019-10-25,02:30,59,72,7,0,59,40,10,-5,F minor,4,2020-02-28,3fqE5NwOmCQLz6rt76hXuB,"TenThousand Projects, LLC",4A,QZJ841900031
180,"Thug Love","A Boogie Wit da Hoodie",51,178,"melodic rap","Hip Hop","Artist 2.0",2020-02-14,03:01,54,64,43,0,33,20,10,-5,F minor,4,2020-03-09,4MzhmCOgPB7xb87f1CXjlA,"Highbridge the Label / Atlantic Records",4A,USAT22000600
181,"None Of Your Concern (feat. Big Sean)","Jhené Aiko,Big Sean",63,80,"r&b, ","R&B","Chilombo",2020-03-06,04:19,46,52,86,0,38,20,10,-9,A minor,4,2020-03-26,75MSZRbAbQuzfUV3Pefvut,"Def Jam Recordings",8A,USUM71917202
182,"Skrubs","Lil Durk",0,147,"drill","Hip Hop","Signed To The Streets 3",2018-11-09,04:21,74,67,5,0,52,30,10,-6,G#/A♭ minor,4,2020-04-01,5uNMSSxk4ve8R7yQnUBQAT,"Alamo Records / Interscope",1A,USUM71817836
183,"India","Lil Durk",0,145,"drill","Hip Hop","Signed to the Streets 2.5",2017-10-19,04:24,79,56,8,0,13,30,30,-7,C♯/D♭,4,2020-04-07,2bPYtv3okqX5zpSxtwLBuu,"Lil Durk",3B,USUYG1164683
184,"Repeat After Me (Interlude)","The Weeknd",64,95,"","","After Hours",2020-03-20,03:15,56,62,3,0,14,0,0,-8,C,4,2020-04-09,40U8d12pC5UHqmHwXjHjjl,"Republic Records",8B,USUG12000659
185,"BELIEVE IT","PARTYNEXTDOOR,Rihanna",2,158,"r&b, ","R&B","PARTYMOBILE",2020-03-27,03:03,43,70,9,0,73,20,20,-5,F#/G♭,4,2020-04-10,4HDCLYli2SUdkq9OjmvhSD,"OVO Sound/Warner Records",2B,USWB12000762
186,"Psycho, Pt. 2","Russ",70,83,"","","Psycho, Pt. 2",2016-11-08,02:41,77,55,78,0,42,20,10,-4,A#/B♭,4,2020-04-11,26OhjtaTamFocE08t83ml6,"Russ My Way Inc",6B,TCACT1646486
187,"NOTHING LESS","PARTYNEXTDOOR",0,120,"r&b","R&B","PARTYMOBILE",2020-03-27,03:28,61,30,75,1,31,0,10,-10,F minor,4,2020-04-13,7aGpxzqEndzz82BfUiPOu8,"OVO Sound/Warner Records",4A,USWB12000380
188,"TURN UP","PARTYNEXTDOOR",0,72,"r&b","R&B","PARTYMOBILE",2020-03-27,03:28,44,52,10,0,24,20,0,-9,C♯/D♭ minor,1,2020-04-13,2YuLSGh71kaSX9uzAfBbII,"OVO Sound/Warner Records",12A,USWB12000381
189,"Trap House (feat. Shoreline Mafia)","03 Greedo,Shoreline Mafia",0,97,"","","Still Summer In The Projects",2019-04-19,03:41,74,48,12,0,26,0,0,-6,C♯/D♭ minor,4,2020-04-14,6ZxX2vmH5WLufcOqenLjfb,"Alamo Records / Interscope Records",12A,USUM71904344
190,"Secret (feat. Summer Walker)","21 Savage,Summer Walker",53,130,"r&b","R&B","Secret (feat. Summer Walker)",2020-04-17,03:30,73,50,9,0,50,10,10,-10,F minor,4,2020-04-17,67lKDoCZbRCJDa4RT68eme,"Slaughter Gang, LLC/Epic Records",4A,USSM12002023
191,"Euphoria (feat. Travis Scott & Kaash Paige)","Don Toliver,Kaash Paige,Travis Scott",63,70,"rap","Hip Hop","Heaven Or Hell",2020-03-13,03:36,58,31,52,0,10,0,10,-8,A minor,4,2020-04-20,13QU8HBEBaSTZGq1HzQe9S,"We Run It Ent./Cactus Jack/Atlantic",8A,USAT22001222
192,"What's On Your Mind (feat. Jacquees)","K CAMP,Jacquees",55,129,"r&b","R&B","Kiss 5",2020-04-24,03:51,63,47,3,0,38,20,10,-9,C♯/D♭,4,2020-04-25,0te0mYcVMqRLc4vuDjZ0Yg,"Interscope Records",3B,USUM72006797
193,"Friendly (feat. Yung Bleu)","K CAMP,Yung Bleu",40,113,"","","Kiss 5",2020-04-24,03:40,82,60,17,0,41,30,0,-8,C♯/D♭,4,2020-04-25,5sB8N9IwGTLoqFaJOrXj9m,"Interscope Records",3B,USUM72006785
194,"In My Feelings","03 Greedo",0,140,"","","God Level",2018-06-27,02:51,79,52,3,0,26,10,0,-5,A minor,4,2020-04-28,5PxR6fbCJYQQ05TfCvZ1gr,"Alamo Records",8A,USUYG1205061
195,"Wet","YFN Lucci",0,128,"","","Wet",2020-02-14,03:29,70,64,24,0,32,20,30,-6,C♯/D♭ minor,4,2020-05-05,5ZLrKZgdH1lQn0NMQt1eLR,"Think It's A Game Entertainment, LLC",12A,USUYG1297281
196,"Me & My Bitch","YG,Tory Lanez",0,82,"","","My Krazy Life (Deluxe)",2014-01-01,03:31,74,62,7,0,33,20,30,-8,C,4,2020-05-10,6saVm6PTYfMwBEDjvkHM3p,"Def Jam Recordings",8B,USUM71400920
197,"Selfish","Blxst,Bino Rideaux",44,101,"","","Sixtape",2019-08-28,02:16,56,41,79,0,58,30,10,-8,C♯/D♭ minor,4,2020-06-05,4wb5ZvhB4i1AXI2UYiHb8f,"Evgle / Out The Blue Records",12A,QZHN31944468
198,"Like Me (with PnB Rock)","Pop Smoke,PnB Rock",59,120,"brooklyn drill, drill, new york drill, melodic rap","Hip Hop","Meet The Woo 2 (Deluxe)",2020-02-12,03:10,61,61,40,0,56,40,20,-6,F minor,5,2020-07-10,7knEYd7b0UcbjgChHX7QBq,"Victor Victor Worldwide",4A,USUM72003034
199,"What You Know Bout Love","Pop Smoke",79,84,"brooklyn drill, drill, new york drill","Hip Hop","Shoot For The Stars Aim For The Moon",2020-07-03,02:40,71,55,65,0,54,30,10,-8,A#/B♭,4,2020-07-11,1tkg4EHVoqnhR6iFEXb60y,"Victor Victor Worldwide",6B,USUM72013339
200,"Mood Swings (feat. Lil Tjay)","Pop Smoke,Lil Tjay",78,180,"brooklyn drill, drill, new york drill, melodic rap","Hip Hop","Shoot For The Stars Aim For The Moon",2020-07-03,03:33,48,60,49,0,27,30,0,-6,A#/B♭ minor,4,2020-07-11,5rZlwNFl01HqLWBQGryKSm,"Victor Victor Worldwide",3A,USUM72013632
201,"Something Special","Pop Smoke",66,91,"brooklyn drill, drill, new york drill","Hip Hop","Shoot For The Stars Aim For The Moon",2020-07-03,02:38,74,62,25,0,65,0,10,-7,G minor,4,2020-07-11,5kkaSMcf4BFlhRRICCKZb6,"Victor Victor Worldwide",6A,USUM72013344
202,"Ride With Me","42 Dugg",0,150,"","","Young & Turnt 2 (Deluxe)",2020-06-19,01:56,70,65,1,0,30,0,30,-8,C,3,2020-07-21,7smaIjhdcaXYwgkdl6dEe9,"4PF/CMG",8B,USUYG1302335
203,"Us vs. The World (feat. Chris Brown & Teyana Taylor)","Fabolous,Chris Brown,Teyana Taylor",47,82,"r&b, ","R&B","Summertime Shootout 3: Coldest Summer Ever",2019-11-29,05:49,61,45,13,0,21,10,10,-10,F#/G♭ minor,4,2020-07-24,6MlaM7a4XAM3DM4Dac2pTd,"Def Jam Recordings",11A,USUM71923155
204,"Overrated","Blxst",33,98,"","","Overrated",2020-08-07,02:26,84,55,63,0,47,10,10,-6,C♯/D♭,4,2020-08-07,4iRiKeQRGO5etc9rBughYn,"Red Bull Records Inc. / Evgle LLC",3B,USP6L2000517
205,"We Both Know","Derez De’Shon",0,115,"","","Pain 2",2018-12-14,03:30,57,68,7,0,35,10,10,-7,C♯/D♭,5,2020-08-17,2pKQY8NF3IkJW9j5uHM3CZ,"Commission/BMG",3B,QMRSZ1802702
206,"Actin' Different (feat. Dreezy)","Derez De’Shon,Dreezy",0,155,"","","Pain 2",2018-12-14,03:18,61,65,13,0,15,30,10,-6,G#/A♭,4,2020-08-17,4HkKrLKsNPaRrX7N5X0alw,"Commission/BMG",4B,QMRSZ1802693
207,"Time For It - Remix","Azjah,Shordie Shordie,Kalan.FrFr",32,95,"","","Time For It",2019-11-08,04:00,69,59,5,0,39,0,40,-5,C♯/D♭,4,2020-08-17,3lvCFcSkkej9SC8a4gwJNG,"Rocc Solid Ent / EMPIRE",3B,USUYG1278730
208,"Change Ya Life","Shoreline Mafia,OHGEESY,Fenix Flexin",59,100,"","","Mafia Bidness",2020-07-31,02:40,89,64,1,0,28,0,10,-7,G,4,2020-08-23,0y0CMYyM4jnqFd2RVALYYP,"Atlantic Records",9B,USAT22004473
209,"Talk","Khalid,Disclosure",66,136,"house","Electronic","Talk",2019-02-07,03:17,90,40,5,0,34,10,0,-8,C,4,2020-09-01,0rTV5WefWd1J3OwIheTzxM,"Right Hand Music Group, LLC/RCA Records",8B,USRC11900004
210,"You Got It","Vedo",71,122,"","","For You",2020-03-27,03:23,76,43,14,0,39,10,10,-9,F,4,2020-09-05,4lsHZ92XCFOQfzJFBTluk8,"New Wav Music Group / Island Prolific / EMPIRE",7B,USUYG1299206
211,"Beautiful Pain (Losin My Mind)","Polo G",62,80,"","","THE GOAT",2020-05-15,02:51,60,48,14,0,51,60,10,-10,C♯/D♭ minor,4,2020-09-13,4SIB2yxKoFOrbkjA4zfQbB,"Columbia",12A,USQX92000782
212,"Substance","03 Greedo",0,71,"","","The Wolf of Grape Street",2018-03-09,03:39,60,32,26,0,20,0,10,-14,D#/E♭ minor,4,2020-09-15,1dOlBYd9p7MC2BAvWzP4zb,"Alamo Records",2A,USUYG1183222
213,"Throat Baby (Go Baby)","BRS Kash",48,132,"","","Throat Baby (Go Baby)",2020-07-24,03:38,90,52,1,0,21,10,10,-7,E minor,4,2020-09-18,31iqpzg1ZXLLgq0L5iIwLe,"LVRN/Interscope Records",9A,TCAEN1969372
214,"Just Another Interlude","Bryson Tiller",64,93,"r&b","R&B","T R A P S O U L (Deluxe)",2020-09-25,03:04,58,55,16,0,52,30,20,-9,C♯/D♭,4,2020-09-26,4Vwg5CDYqAOf50Rt1WC6Kh,"TrapSoul/RCA Records",3B,USRC12003145
215,"Self Righteous","Bryson Tiller",64,100,"r&b","R&B","T R A P S O U L (Deluxe)",2020-09-25,04:01,52,58,20,0,23,20,20,-7,G,3,2020-09-26,4w9dTbEcJx8uBTxGvUYC0h,"TrapSoul/RCA Records",9B,USRC12003146
216,"Always Forever","Bryson Tiller",60,147,"r&b","R&B","A N N I V E R S A R Y",2020-10-02,02:50,61,49,17,0,33,10,10,-7,A#/B♭ minor,4,2020-10-02,1LV5cAo02H8h5YlZNcjULM,"TrapSoul/RCA Records",3A,USRC12003171
217,"I'm Ready For You","Bryson Tiller",56,179,"r&b","R&B","A N N I V E R S A R Y",2020-10-02,02:54,74,64,23,0,89,40,10,-6,C minor,4,2020-10-02,1zmv0tPVWdbCuvBw90MYwO,"TrapSoul/RCA Records",5A,USRC12003020
218,"Things Change","Bryson Tiller",54,146,"r&b","R&B","A N N I V E R S A R Y",2020-10-02,03:34,76,61,25,0,49,30,10,-5,A minor,5,2020-10-02,0LLsvPLHxlUk1x8r77H2b6,"TrapSoul/RCA Records",8A,USRC12003230
219,"Time","Blxst,Bino Rideaux",47,100,"","","Sixtape",2019-08-28,02:33,74,28,80,0,74,0,10,-11,C minor,4,2020-10-14,7KCf8e64RVMkMDkbGZFXgY,"Evgle / Out The Blue Records",5A,QZHN31944470
220,"Right Now","Blxst,Bino Rideaux",38,102,"","","Sixtape",2019-08-28,02:29,63,50,73,0,27,10,10,-8,A#/B♭,4,2020-10-14,3iVapgOirA9uyDRpq12eCe,"Evgle / Out The Blue Records",6B,QZHN31944469
221,"Trust","Brent Faiyaz",78,92,"r&b","R&B","Lost",2018-10-19,02:38,76,39,23,0,47,10,10,-9,G#/A♭,4,2020-10-20,0oufSLnKQDoBFX5mgkDCgR,"Lost Kids / Human Re Sources",4B,QM24S1837815
222,"You Belong To Somebody Else","DeJ Loaf,Jacquees",67,115,"r&b","R&B","Fuck A Friend Zone",2017-02-10,03:38,79,47,33,0,29,0,20,-7,C♯/D♭ minor,4,2020-10-20,7izlgARoZsidRx23DOBhad,"Yellow World / The Dispensary",12A,QZFL21812044
223,"Timeless Interlude","Bryson Tiller",54,149,"r&b","R&B","A N N I V E R S A R Y",2020-10-02,02:59,47,43,82,0,24,10,10,-9,F#/G♭ minor,4,2020-10-20,6Iw6fQVKZi0fWtEQBrTFcP,"TrapSoul/RCA Records",11A,USRC12003232
224,"Hit Different","SZA,The Neptunes,Pharrell Williams,Ty Dolla $ign",71,120,"r&b, ","R&B","Hit Different",2020-09-04,03:22,68,52,20,0,72,0,10,-6,C minor,4,2020-10-22,7Bar1kLTmsRmH6FCKKMEyU,"Top Dawg Entertainment/RCA Records",5A,USRC12002998
225,"Go Crazy","Chris Brown,Young Thug",76,94,"r&b, rap, melodic rap, trap","Hip Hop, R&B","Slime & B",2020-05-08,02:56,76,58,32,0,58,10,20,-9,C minor,4,2020-12-27,1IIKrJVP1C9N7iPtG6eOsK,"Chris Brown Entertainment/300 Entertainment/RCA Records",5A,USRC12001468
226,"India Pt. 3","Lil Durk",0,160,"drill","Hip Hop","The Voice",2020-12-24,02:09,66,53,20,0,43,50,10,-13,A,4,2020-12-28,2ceQGHR8InHg4PxiN563XT,"Alamo (Geffen Records)",11B,USUM72024660
227,"Wanted You (feat. Lil Uzi Vert)","NAV,Lil Uzi Vert",62,147,"melodic rap","Hip Hop","RECKLESS",2018-05-18,03:48,80,73,23,0,63,0,20,-4,A minor,4,2021-01-02,1Faq8G2y56A8fRv7HsLq25,"Republic Records",8A,USUG11702054
228,"PERSIAN RUGS","PARTYNEXTDOOR",1,110,"r&b","R&B","PARTYPACK",2020-10-16,02:54,77,43,5,0,15,0,10,-8,C♯/D♭ minor,4,2021-01-11,02UJ1sCanP94fS2MdsWafh,"OVO Sound/Warner Records",12A,USWB12004216
229,"You're Mines Still","Yung Bleu",48,82,"","","Love Scars: The 5 Stages Of Emotions (Deluxe)",2020-10-16,03:41,56,47,37,0,46,30,10,-8,F minor,1,2021-01-19,3wJ1OyP3Fugmi8t41e1zQ6,"Moon Boy University / EMPIRE",4A,USWB12004394
230,"Miss It","Bino Rideaux",9,100,"","","Sorry 4 tha Wait",2019-07-11,03:32,79,45,41,0,48,10,10,-11,D#/E♭ minor,4,2021-02-05,7sUlUzsqAdavc711r1VMQl,"Out The Blue Records",2A,TCAEI1916167
231,"Tell Me","Kee Riche$",24,81,"","","Tell Me",2019-11-01,03:10,41,41,39,0,27,20,10,-12,G minor,3,2021-02-05,3o1ItbRUIBeeAAmYRJFcyS,"Get Rich",6A,CA5KR1967132
232,"Love Song","Kalan.FrFr,Damar Jackson",0,75,"","","Love Song",2018-11-12,03:12,68,57,39,0,59,10,10,-8,A minor,4,2021-02-05,03AT3xf1kDFzlaeFKOfAii,"First Class Entertainment",8A,QM24S1842045
233,"Wake It Up","Blxst,Bino Rideaux",53,98,"","","Sixtape",2019-08-28,02:40,69,38,76,0,23,0,30,-14,G#/A♭,4,2021-02-05,3Pbtt8jhlmxlRO8zpf6Uzh,"Evgle / Out The Blue Records",4B,QZHN31944467
234,"Bacc Home","Blxst,Bino Rideaux",43,105,"","","Sixtape",2019-08-28,03:02,85,40,37,0,29,40,10,-12,B minor,4,2021-02-05,79zXkvfi2y5VsqJMcD3TAP,"Evgle / Out The Blue Records",10A,QZHN31944466
235,"Fine Ass","Kalan.FrFr",0,100,"","","TwoFr",2018-07-01,03:09,80,57,24,0,26,0,10,-6,G,4,2021-02-05,0tQn8cmkoSCZOaceCiX6sD,"First Class Entertainment",9B,TCADH1750539
236,"Cry to Me","Kalan.FrFr",0,150,"","","Hurt",2018-04-11,02:35,63,30,11,0,18,10,0,-15,G#/A♭ minor,4,2021-02-05,7ya5YwXQHVZ8KriAHruqhm,"Kalan.frfr",1A,TCADP1803210
237,"Hold You Down","Kalan.FrFr",0,130,"","","Hurt",2018-04-11,02:17,76,33,12,0,14,10,10,-13,E minor,4,2021-02-05,5ZNcbhXqwDvhAmWwLcvCE8,"Kalan.frfr",9A,TCADP1803218
238,"On Your Mind","Kalan.FrFr",0,184,"","","Hurt",2018-04-11,02:28,53,19,45,0,20,0,0,-16,G minor,4,2021-02-05,2lnwWWhO5YR2aMXnIc50wG,"Kalan.frfr",6A,TCADP1803219
239,"About Us","Kalan.FrFr",0,151,"","","Hurt",2018-04-11,02:41,59,55,3,0,20,30,10,-8,C♯/D♭,4,2021-02-05,4xBG2zN1RujPi3pal2Dt12,"Kalan.frfr",3B,TCADP1803208
240,"Calling My Phone","Lil Tjay,6LACK",6,105,"brooklyn drill, melodic rap, ","Hip Hop","Calling My Phone",2021-02-12,03:25,91,39,45,0,20,0,10,-8,E minor,4,2021-02-12,5Kskr9LcNYa0tpt5f0ZEJx,"Columbia",9A,USSM12100388
241,"PEACE OF MIND","PARTYNEXTDOOR",0,99,"r&b","R&B","COLOURS 2",2017-06-02,05:03,78,37,28,0,43,0,0,-5,C♯/D♭ minor,4,2021-02-26,46HZ8l9wPo9JNsk7dZLamb,"OVO Sound/Warner Records",12A,USWB11700876
242,"Show Me Up","Lil Tecca",54,128,"melodic rap, rap","Hip Hop","Show Me Up",2021-04-06,02:46,67,45,16,0,22,0,0,-10,F#/G♭ minor,4,2021-05-08,3BGppswSnFNGUSFiJ6rj4n,"Galactic / Republic Records",11A,USUM72105250
243,"She Don't (feat. Ty Dolla $Ign)","Ella Mai,Ty Dolla $ign",72,100,"r&b, ","R&B","Time",2016-02-15,04:24,65,48,27,0,15,0,10,-8,G minor,4,2021-05-13,01JPQ87UHeGysPVwTqMJHK,"10 Summers Records",6A,TCACM1652825
244,"Movie","Blxst,Bino Rideaux",39,95,"","","Movie",2021-05-28,02:07,44,61,24,0,66,10,10,-6,F,4,2021-06-03,55mmAY09sc3CccPpAdUqo4,"EVGLE LLC and Out The Blue Records LLC/Def Jam Recordings licensed exclusively to Red Bull Records",7B,USP6L2100660
245,"late at night","Roddy Ricch",61,99,"melodic rap","Hip Hop","late at night",2021-06-04,02:54,64,40,34,0,11,40,10,-11,C♯/D♭ minor,4,2021-06-04,1fxYz1s15pyZLsJT0Hdh1m,"Atlantic Records",12A,USAT22102236
246,"Real Luv (feat. Summer Walker)","Moneybagg Yo,Summer Walker",41,97,"memphis rap, r&b","Hip Hop, R&B","Time Served",2020-01-10,03:19,78,56,2,0,16,0,10,-6,C♯/D♭,4,2021-06-28,6BuTO7L1k13ZWygo1coYu7,"N-Less Entertainment/Interscope Records",3B,USUM72000039
247,"White Tee (with NO1-NOAH)","Summer Walker,NO1-NOAH",68,125,"r&b, ","R&B","Life On Earth - EP",2020-07-10,03:31,79,37,74,0,34,10,10,-8,C♯/D♭,4,2021-07-01,5m0eMnsWwzgGsUxe1mhFYR,"LVRN/Interscope Records",3B,USUM72013570
248,"Wrong or Right","Blxst",40,100,"","","No Love Lost (Deluxe)",2020-12-04,02:43,75,53,47,0,46,20,10,-5,F#/G♭,4,2021-08-01,4Z84PdHNzSag4M9pwOkGPB,"Red Bull Records Inc. / Evgle LLC",2B,USP6L2000519
249,"Overrated","Blxst",42,98,"","","No Love Lost (Deluxe)",2020-12-04,02:26,84,55,63,0,47,10,10,-6,C♯/D♭,4,2021-08-01,56o6iDAZaFCRrl3dboK3aE,"Red Bull Records Inc. / Evgle LLC",3B,USP6L2000517
250,"Be Alone","Blxst",42,93,"","","No Love Lost (Deluxe)",2020-12-04,02:34,61,62,83,0,69,40,10,-5,G#/A♭ minor,4,2021-08-01,4gH4YiWmaE3r86gRriyRRM,"Red Bull Records Inc. / Evgle LLC",1A,USP6L2000521
251,"Just Say'n","Blxst",41,166,"","","No Love Lost (Deluxe)",2020-12-04,02:53,69,51,73,0,19,0,10,-4,C,4,2021-08-01,4Wwk3nX3xuAuhDSy9OZzAm,"Red Bull Records Inc. / Evgle LLC",8B,USP6L2000522
252,"Pipe Down","Drake",75,78,"rap","Hip Hop","Certified Lover Boy",2021-09-03,03:25,52,69,13,0,59,10,10,-6,A,4,2021-09-03,11pEKMLmavDu8fxOB5QjbQ,"OVO",11B,USUG12104406
253,"Yebba’s Heartbreak","Drake,Yebba",80,120,"rap, ","Hip Hop","Certified Lover Boy",2021-09-03,02:13,48,16,97,4,9,0,10,-12,G#/A♭ minor,4,2021-09-03,1PDP7mLiAMwhfmgIwzhOm2,"OVO",1A,USUG12104407
254,"NO MAKEUP (feat. King Combs)","Bino Rideaux,King Combs",35,102,"","","NO MAKEUP",2021-09-10,02:21,71,42,31,0,43,20,10,-11,A#/B♭ minor,4,2021-09-11,7ijwyPMGenvi6eo6g7Vvpn,"Do What You Love/Def Jam PS",3A,USUM72112840
255,"Might Do Well","Blxst,Bino Rideaux",40,199,"","","Sixtape 2",2021-07-16,02:43,44,55,9,0,46,30,10,-7,C♯/D♭ minor,4,2021-09-15,3hfHn1dCqCwMIffEw4h0CS,"EVGLE & Out The Blue/Def Jam exclusively licensed to Red Bull Records",12A,USP6L2100703
256,"Still Your Best","GIVĒON",43,114,"r&b","R&B","When It's All Said And Done",2020-10-01,02:57,53,41,48,0,22,0,10,-8,F#/G♭,1,2021-10-03,4mPqY3ys5yhDmCCA9AKLNk,"Epic/Not So Fast",2B,USSM12005368
257,"WFM","RealestK",57,80,"","","WFM",2021-10-06,02:16,44,18,72,0,25,0,10,-18,C♯/D♭,4,2021-10-11,18ddJHQ7CUzNBiy55L0Xjj,"1893821 Records DK",3B,QZNWS2127360
258,"Honey - Medasin Remix","KUČKA,Medasin",52,98,"future bass","Electronic","Honey Remixed",2016-04-06,03:50,45,72,72,0,47,50,10,-7,C♯/D♭ minor,4,2021-10-16,7vBEx9HgiEJDMwougw5bsa,"KUČKA",12A,AUAMF1600002
259,"Pride 2 The Side","Bino Rideaux",21,83,"","","Pride 2 The Side",2020-04-07,02:41,58,43,1,0,9,30,0,-13,F#/G♭ minor,4,2021-10-28,5iRpL0NbyG935xdRejtXc4,"Do What You Love/Def Jam PS",11A,USUM72007413
260,"SWM","RealestK",54,124,"","","SWM",2021-07-23,03:06,67,19,72,0,28,0,10,-18,E minor,3,2021-11-01,3KSTkueMWhuXj0oI4DPysR,"1893821 Records DK",9A,QZK6K2135227
261,"Tonight","Summer Walker",70,106,"r&b","R&B","Over It",2019-10-04,02:56,72,53,17,0,22,0,0,-7,C♯/D♭,4,2021-11-10,1qC6px1TOZgQFoTSOFUaBr,"LVRN/Interscope Records",3B,USUM71919108
262,"Happier Than Ever","ASTN",64,98,"","","Happier Than Ever",2021-11-09,01:49,67,46,34,0,27,40,10,-7,F#/G♭ minor,4,2021-11-14,7es56D0QedGMsK39wl2yFX,"ASTN",11A,QZN882171316
263,"Sativa","Jhené Aiko,Swae Lee",80,126,"r&b, ","R&B","Trip",2017-09-22,04:36,74,61,32,0,72,0,50,-7,F#/G♭ minor,4,2021-11-16,2pg2TiYo9Rb8KeB5JjP7jS,"Def Jam Recordings",11A,USUM71710460
264,"Never Call Me","Jhené Aiko,Kurupt",63,99,"r&b, g-funk, west coast hip hop, gangster rap","Hip Hop, R&B","Trip",2017-09-22,04:30,48,31,87,0,13,20,10,-10,D minor,3,2021-11-16,0WXct4PcELq8Jh1R4Yhw4W,"Def Jam Recordings",7A,USUM71710485
265,"Remember Me","Jeremih",60,134,"","","Late Nights: The Album",2015-12-04,02:55,53,32,65,0,4,0,10,-9,C♯/D♭ minor,4,2021-11-16,2fUazQuDcmHbKYfPoXWpZU,"Def Jam",12A,USUM71513402
266,"be mine this christmas","Bryson Tiller",39,86,"r&b","R&B","A Different Christmas",2021-11-19,03:23,62,62,21,0,73,40,30,-7,F#/G♭ minor,4,2021-11-27,2TYcxKCale4adLTwDRKkmV,"TrapSoul/RCA Records",11A,USRC12102900
267,"presents (feat. Kiana Ledé)","Bryson Tiller,Kiana Ledé",41,84,"r&b, ","R&B","A Different Christmas",2021-11-19,02:40,72,65,8,0,48,10,10,-7,A#/B♭ minor,4,2021-11-27,4QyO5yNf3W534HK5gI1lMA,"TrapSoul/RCA Records",3A,USRC12102946
268,"F*****g Fans","Drake",65,87,"rap","Hip Hop","Certified Lover Boy",2021-09-03,04:05,78,42,21,0,17,10,10,-10,E minor,4,2022-01-04,3RkNXZvOSMMElmmXztDc94,"OVO",9A,USUG12104414
269,"Like I Want You","GIVĒON",80,120,"r&b","R&B","TAKE TIME",2020-03-27,04:20,68,36,76,0,44,0,10,-8,A#/B♭ minor,3,2022-01-20,6qBFSepqLCuh5tehehc1bd,"Epic/Not So Fast",3A,USSM11914370
270,"Always n Forever (feat. Lil Baby)","Mariah the Scientist,Lil Baby",70,162,"alternative r&b, ","Pop, R&B","RY RY WORLD",2021-07-09,03:17,63,46,26,0,22,20,20,-10,C♯/D♭,4,2022-02-11,6dbENHQHHtWRai4snSvy2w,"One Umbrella/RCA Records",3B,USRC12000520
271,"Good Evening","Shordie Shordie,Murda Beatz",47,100,"","","Memory Lane",2021-02-26,02:17,70,67,2,0,43,20,10,-8,A minor,4,2022-02-23,5HG4ipny0N1oGdeYkHbggO,"Warner Records",8A,USWB12004268
272,"Essence (feat. Justin Bieber & Tems)","Wizkid,Justin Bieber,Tems",61,104,"afrobeats, afrobeat, afropop, azonto, afroswing, afropiano, alté","R&B, Traditional Music, Electronic, Pop, Hip Hop","Essence (feat. Justin Bieber & Tems)",2021-08-13,04:23,84,69,2,0,58,10,10,-6,C,4,2022-03-04,1mSdbey7RstGLY2udgXv74,"Starboy/RCA Records",8B,USRC12102450
273,"WAIT FOR U (feat. Drake & Tems)","Future,Drake,Tems",85,83,"rap, afrobeats, alté, afrobeat","R&B, Traditional Music, Electronic, Hip Hop","I NEVER LIKED YOU",2022-04-29,03:09,46,64,31,0,34,30,0,-4,C♯/D♭,4,2022-04-29,59nOXPmaKlBfGMDeOVGrIK,"Epic/Freebandz",3B,USSM12203789
274,"LOVE YOU BETTER","Future",53,75,"rap","Hip Hop","I NEVER LIKED YOU",2022-05-02,02:09,71,36,48,0,54,20,10,-9,F,4,2022-05-05,40zU9RnT0liuXMjornRlhn,"Epic/Freebandz",7B,USSM12203790
275,"Finesse","Drake",76,95,"rap","Hip Hop","Scorpion",2018-06-29,03:02,81,32,13,0,30,0,10,-8,C minor,4,2022-05-24,2WP8G2pdddDmnh1xbfKBOI,"Cash Money/Drake LP6",5A,USCM51800225
276,"The Way Life Goes (feat. Oh Wonder)","Lil Uzi Vert,Oh Wonder",80,82,"melodic rap, ","Hip Hop","Luv Is Rage 2",2017-08-25,03:41,70,76,62,0,70,0,10,-4,C♯/D♭,4,2022-05-28,2eAZfqOm4EnOF9VvN50Tyc,"Generation Now/Atlantic",3B,USAT21703429
277,"OUTTA LINE","Bino Rideaux,Ty Dolla $ign",32,93,"","","OUTTA LINE",2022-06-17,02:43,42,60,8,0,46,30,30,-9,C♯/D♭ minor,1,2022-06-18,2HghsZnVNsZhUeVl6VlbS8,"Do What You Love/Def Jam PS",12A,USUM72120293
278,"FEELING YOURSELF (feat. Kalan.FrFr)","Bino Rideaux,Kalan.FrFr",19,180,"","","SORRY 4 THA WAIT II",2022-07-01,03:17,46,48,50,0,57,20,30,-10,C♯/D♭ minor,3,2022-07-01,6DwgU2EL0pYlyNNcoxUJXW,"Do What You Love/Def Jam PS",12A,USUM72120296
279,"Bother You","Bino Rideaux",37,95,"","","Bother You",2019-07-16,02:52,71,69,39,0,51,0,30,-8,A#/B♭ minor,4,2022-07-06,0c8QrFFRcdEBiJdIRJhIOh,"Out The Blue Records",3A,TCAEI1936548
280,"Karma","Summer Walker",74,114,"r&b","R&B","Last Day Of Summer",2018-10-19,03:08,59,29,35,0,15,0,20,-10,C♯/D♭ minor,4,2022-07-23,2Fyjjpg03fn7n5cj0Qm380,"LVRN/Interscope Records",12A,USUM71816370
281,"Save Yourself","Colette Lush",53,67,"","","Seven-One",2018-12-07,02:48,50,25,8,0,32,0,10,-12,E minor,4,2022-07-23,1eBcQZUwWkBZqQYglk8cP5,"432 MEDIA",9A,QM24S1844639
282,"Deep","Summer Walker",73,168,"r&b","R&B","Last Day Of Summer",2018-10-19,01:32,65,34,63,0,42,20,10,-10,D#/E♭ minor,4,2022-07-23,3LfHBTYZBTqmz43tvVXJBd,"LVRN/Interscope Records",2A,USUM71805694
283,"Listen","11:11",41,82,"","","Listen",2018-04-11,04:49,75,33,10,3,19,0,10,-12,A#/B♭ minor,4,2022-07-23,0GzzQZvhe1veE1MzlZcCWt,"Raydar, LLC",3A,TCADO1898068
284,"All For Me","Mariah the Scientist",73,129,"alternative r&b","Pop, R&B","RY RY WORLD",2021-07-09,02:58,38,46,1,0,15,0,10,-8,C minor,4,2022-07-23,7vIDhgD7WWTMpvgJebImoN,"One Umbrella/RCA Records",5A,USRC12101981
285,"You","11:11",46,129,"","","11:11",2016-05-24,04:12,48,56,17,0,14,10,10,-8,F minor,4,2022-08-20,3ajnLvUV6cZiKtij8q0tzx,"Raydar, LLC",4A,TCACS1623273
286,"IF YOU EVER","Bino Rideaux",41,97,"","","SORRY 4 THA WAIT II",2022-07-01,02:08,65,47,4,0,39,10,0,-9,G,4,2022-09-10,41G3M9ewHTrDGNl5UKKlQl,"Do What You Love/Def Jam PS",9B,USUM72204825
287,"Handcuffs","Steven G",0,95,"","","ShowGreat University",2020-08-14,03:29,65,59,23,0,60,10,0,-5,C,4,2022-10-06,3QuuRLstSXwmSDqkjemcSN,"eOne Urban",8B,USUYG1255322
288,"Awkward","SZA",75,120,"r&b","R&B","Ctrl (Deluxe)",2022-06-09,02:58,62,47,18,0,40,0,10,-12,F,4,2022-10-07,2xZ0zfuDTv5LxLhEgD82PG,"Top Dawg Entertainment/RCA Records",7B,USRC12202150
289,"The Zone","The Weeknd,Drake",56,140,"rap","Hip Hop","Trilogy",2012-11-13,06:58,44,52,26,0,25,10,10,-8,D#/E♭ minor,4,2022-10-21,46X8c9qJzpBLYcos3OX0CE,"CP Records",2A,USUM71212052
290,"Not You Too (feat. Chris Brown)","Drake,Chris Brown",80,86,"rap, r&b","R&B, Hip Hop","Dark Lane Demo Tapes",2020-05-01,04:29,46,45,34,0,32,0,0,-9,A minor,4,2022-10-21,3Q4gttWQ6hxqWOa3tHoTNi,"OVO",8A,USUG12001725
291,"CPR","Summer Walker",66,140,"r&b","R&B","Last Day Of Summer",2018-10-19,03:23,69,37,64,0,14,10,10,-13,G minor,4,2022-11-01,5Tp4UJvnsF4Zd05k0zXUte,"LVRN/Interscope Records",6A,USUM71803844
292,"Muse","PARTYNEXTDOOR",0,97,"r&b","R&B","PARTYNEXTDOOR TWO",2014-07-29,03:23,53,63,16,0,14,0,20,-8,C,3,2022-11-09,41ipOYFGT2MW4dvOPkoK1f,"OVO Sound/Warner Records",8B,USWB11401870
293,"Spin the Block","RAAHiiM",0,120,"","","Spin the Block",2022-11-10,03:49,55,27,11,0,29,10,10,-12,F#/G♭ minor,3,2022-11-11,0IomPr5dBXw2sIkZKvZSSp,"Also Known Worldwide Inc.",11A,QZTAS2286762
294,"Favor For A Favor","Roddy Ricch",41,80,"melodic rap","Hip Hop","Feed Tha Streets III",2022-11-18,03:00,63,59,5,0,6,10,10,-9,D,4,2022-11-20,2WI7Nk5K1xQxD1UjxTKNJ0,"Atlantic Records",10B,USAT22220952
295,"Live Ya Life","$K,Jacquees",36,147,"r&b","R&B","Live Ya Life",2019-08-20,02:23,73,44,39,0,56,10,10,-8,F,4,2022-12-05,6tHloO889FeZPAaRBUtTqm,"Family 1st Records",7B,GBKPL1965512
296,"Wasted Times","The Weeknd",69,123,"","","My Dear Melancholy,",2018-03-30,03:40,55,68,61,0,29,0,10,-6,A#/B♭ minor,4,2022-12-13,7DKS0rX27cCEPsK0R6tFWS,"Universal Republic Records",3A,USUG11800564
297,"Night Time","Shordie Shordie",48,102,"","","Me & Mine, Pt. 2",2022-02-25,02:42,74,64,56,0,62,10,20,-7,A#/B♭ minor,4,2022-12-14,3pkBj2Wvjy2lHs2OgA5zwh,"Warner Records",3A,USWB12200445
298,"THINGS & SUCH","PARTYNEXTDOOR",0,91,"r&b","R&B","PARTYPACK",2020-10-16,03:57,66,55,76,0,66,0,10,-5,B minor,4,2022-12-24,2ld2cRCzXcJU3q8dNdOENY,"OVO Sound/Warner Records",10A,USWB12004221
299,"My Emotions","Blxst",45,95,"","","My Emotions",2020-01-10,02:46,70,39,27,0,23,10,20,-7,C♯/D♭ minor,4,2022-12-24,5U2UT25lVVeObiDLzyg6ZZ,"Red Bull Records Inc. / Evgle LLC",12A,QZFYX2025428
300,"Bullseye","K CAMP",28,92,"","","Vibe Forever",2022-07-29,01:54,77,46,29,0,70,30,10,-11,F#/G♭ minor,4,2023-01-03,3fBAFhse7eXn1jqBDK3pOn,"Interscope Records",11A,USUM72210878
301,"Be Forreal","Blxst",38,75,"","","Before You Go",2022-04-22,02:49,75,62,25,0,74,0,10,-5,C minor,4,2023-01-03,3O4SYhIZFiFzE2nfitSmRg,"Red Bull Records Inc/Evgle LLC",5A,USP6L2201056
302,"Snooze","SZA",90,143,"r&b","R&B","SOS",2022-12-09,03:21,56,55,14,0,39,10,10,-7,F,4,2023-01-17,4iZ4pt7kvcaH6Yo8UoZ4s2,"Top Dawg Entertainment/RCA Records",7B,USRC12204591
303,"Love Scars 3","Trippie Redd",1,70,"melodic rap","Hip Hop","A Love Letter To You 3",2018-11-09,02:09,45,52,14,0,13,0,10,-8,G#/A♭,1,2023-01-20,0AcicReEGm1qcENjqzh1Tg,"TenThousand Projects, LLC",4B,QMEU31819739
304,"Spread Thin","Mariah the Scientist",75,110,"alternative r&b","Pop, R&B","Buckles Laboratories Presents: The Intermission",2022-03-11,03:22,62,41,6,0,36,0,0,-8,F#/G♭ minor,4,2023-02-09,4MbzauKV2ydtZZjLsPcuTF,"One Umbrella/RCA Records",11A,USRC12200552
305,"CANDY (feat. Nipsey Hussle)","PARTYNEXTDOOR,Nipsey Hussle",53,171,"r&b, west coast hip hop","R&B, Hip Hop","PARTYPACK",2020-10-16,02:51,46,60,0,0,14,0,10,-6,D minor,4,2023-02-23,4bLzLU8wDul8hV1YNEBekn,"OVO Sound",7A,USWB12004218
306,"Come over (feat. James Fauntleroy)","Nipsey Hussle,James Fauntleroy",47,86,"west coast hip hop, ","Hip Hop","Crenshaw",2013-10-22,03:39,68,45,35,0,17,0,10,-12,C♯/D♭,4,2023-02-23,37Zk6qRzpQEl0xWon4rXPy,"All Money In No Money Out, Inc",3B,TCABR1336976
307,"Die For You","The Weeknd",82,134,"","","Starboy",2016-11-25,04:20,59,53,11,0,51,0,10,-7,C♯/D♭ minor,4,2023-03-07,2Ch7LmS7r2Gy2kc64wv3Bz,"Universal Republic Records",12A,USUG11601011
308,"LOOSE CHANGE","Brent Faiyaz",64,85,"r&b","R&B","WASTELAND",2022-07-08,03:46,57,37,75,0,44,0,10,-9,C♯/D♭ minor,4,2023-04-16,00imgaPlYRrMGn9o83hfmk,"Lost Kids LLC., Marketed by Venice / Stem",12A,QM24S2203188
309,"JACKIE BROWN","Brent Faiyaz",74,138,"r&b","R&B","WASTELAND",2022-07-08,02:49,73,35,65,0,50,10,20,-10,A#/B♭,4,2023-04-17,2IlT65thKQQw248mhk2PjQ,"Lost Kids LLC., Marketed by Venice / Stem",6B,QM24S2203177
310,"Clouded","Brent Faiyaz",79,65,"r&b","R&B","Fuck The World",2020-02-07,01:50,58,34,77,0,58,0,10,-9,D,3,2023-04-17,2J6OF7CkpdQGSfm1wdclqn,"Lost Kids",10B,QM24S1927163
311,"Feels so Right","Larry June,DeJ Loaf",50,78,"","","Numbers",2020-12-20,02:47,49,71,6,0,56,40,10,-9,B,4,2023-05-06,18kRXdENH28EZrqYJco1Tb,"The Freeminded Records",1B,USUYG1350812
312,"Slide Thru, Pt. 2","Baby B",35,175,"","","Text at 2am",2020-03-12,04:01,40,58,14,0,37,20,10,-8,A minor,1,2023-06-17,0oCvUvgTwikMeFIXUZHtlC,"Octiive",8A,USA2P2010653
313,"To Summer, From Cole - Audio Hug","Summer Walker,J. Cole",70,74,"r&b, rap","R&B, Hip Hop","CLEAR 2: SOFT LIFE EP",2023-05-19,02:27,73,47,71,0,60,30,10,-10,F#/G♭ minor,4,2023-06-29,2f86Ae3R4OKAu1lEIqouih,"LVRN/Interscope Records",11A,USUM72304857
314,"Overtime (feat. OTP.C4)","Joe Moses,OTP.C4",34,98,"","","From Nothing 2 Something 4",2022-09-30,02:40,75,63,41,0,80,20,30,-7,F,4,2023-07-01,2hfPLC0OadrvhoWmdVCwEP,"N.W.B. Music / EMPIRE",7B,USUYG1409989
315,"Thang For You (feat. NoCap)","Rylo Rodriguez,NoCap",63,89,"","","Been One",2023-06-30,04:19,62,46,47,0,27,40,10,-6,B,4,2023-07-12,39fKVWP7D9qAmkM8qjRQoC,"Glass Windows Entertainment (Lil Baby)",1B,QZUZR2307704
316,"Feel No Ways","Drake",78,194,"rap","Hip Hop","Views",2016-05-06,04:00,58,68,3,0,21,10,10,-7,G,4,2023-09-08,3cjF2OFRmip8spwZYQRKxP,"Cash Money Records/Young Money Ent./Universal Rec.",9B,USCM51600067
317,"Go Baby","Cleo Sol",65,79,"neo soul, alternative r&b","Pop, R&B","Heaven",2023-09-15,03:56,57,18,93,44,50,20,10,-11,G#/A♭ minor,4,2023-10-28,3NiL2JcFIncyshy4KOKA73,"Forever Living Originals",1A,UKMEH2300192
318,"Sweet Lady","Larry June,Cardo Got Wings,DeJ Loaf",39,78,"","","The Night Shift",2023-11-10,04:19,64,63,13,0,78,20,20,-6,A#/B♭ minor,4,2023-11-11,4U9KX8mxONydIW66ID9Gya,"The Freeminded Records / Cardo / EMPIRE",3A,USUYG1517983
319,"Til Next Time Love","Larry June",46,151,"","","Adjust To The Game",2020-03-04,02:54,54,71,5,0,56,50,0,-8,G#/A♭ minor,4,2023-12-07,0dBeQtZsHhCcTIPrcKETfM,"The Freeminded Records",1A,USUYG1353523
320,"Sin City","Shordie Shordie,Murda Beatz",35,78,"","","Memory Lane 2",2023-10-27,02:03,75,62,16,0,31,30,10,-6,C♯/D♭ minor,4,2023-12-07,1NU1Ee13eBlicWPRgLNWOc,"Warner Records",12A,USWB12305990
321,"R e s e n t m e n t","PARTYNEXTDOOR",62,94,"r&b","R&B","R e s e n t m e n t",2023-07-07,03:44,51,23,62,3,33,0,10,-16,F,4,2023-12-07,4HISFDmENrT1reZ5nMUe4l,"OVO Sound",7B,USLD91748010
322,"What You Heard","Sonder",81,137,"","","What You Heard",2019-02-22,03:58,43,37,55,0,14,0,10,-9,D minor,4,2024-01-16,3a3dQOO19moXPeTt2PomoT,"Sonder Global",7A,US23A1501167
323,"Always (feat. Summer Walker) - Bonus","Daniel Caesar,Summer Walker",66,136,"r&b","R&B","NEVER ENOUGH (Bonus Version)",2023-04-10,03:42,57,45,68,0,17,0,10,-8,A,4,2024-01-18,6537jhwnXegjdXhLqorbjE,"Republic Records",11B,USUG12302294
324,"TLC","Sy Ari Da Kid",52,126,"","","Alone But Not Lonely",2021-09-10,03:08,56,25,27,0,29,30,10,-13,G#/A♭ minor,4,2024-03-11,6SoUblAXNGj7fvrNemcuKk,"No I in Team/Major Music",1A,USJ3V1320776
325,"R e a l W o m a n","PARTYNEXTDOOR",38,90,"r&b","R&B","R e a l W o m a n",2024-03-15,03:14,68,54,56,0,22,0,0,-7,F#/G♭,4,2024-03-17,3bIVNRwu0E1abEHhhqdklg,"OVO Sound",2B,USLD91756288
326,"Attention","Bryson Tiller",69,130,"r&b","R&B","Bryson Tiller",2024-04-05,03:36,57,73,7,0,50,0,10,-5,D#/E♭ minor,4,2024-04-05,7tr8SXmP9j0uVqUU0qoapb,"TrapSoul/RCA Records",2A,USRC12400559
327,"Peace Interlude","Bryson Tiller",54,81,"r&b","R&B","Bryson Tiller",2024-04-05,02:11,43,32,25,0,30,10,20,-9,G#/A♭,4,2024-04-06,229q3X3autIWuKpy35auRu,"TrapSoul/RCA Records",4B,USRC12400572
328,"All to Myself","Future,Metro Boomin,The Weeknd",75,118,"rap, ","Hip Hop","WE STILL DON'T TRUST YOU",2024-04-12,04:14,73,54,6,0,18,0,30,-7,E minor,4,2024-04-14,0lOQaZwX9AkAiSvObh4G70,"Wilburn Holding Co./Boominati/Epic/Republic",9A,USSM12403099
329,"Interlude","Hunxho",66,160,"","","For Her (Deluxe)",2023-12-15,02:24,64,50,10,0,62,10,10,-8,F#/G♭ minor,4,2024-05-14,6OPDekqfGfwlmBixJAfCff,"300 Entertainment",11A,USAT22313868
330,"The Resistance","Drake",69,83,"rap","Hip Hop","Thank Me Later",2010-01-01,03:45,55,74,82,0,64,10,10,-8,C,4,2024-05-14,0llA0pYA6GpGk7fTjew0wO,"Aspire Music Group, LLC",8B,USCM51000253
331,"Extravagant (feat. Nicki Minaj)","Lil Durk,Nicki Minaj",56,122,"drill, ","Hip Hop","Love Songs 4 the Streets 2",2019-08-02,04:44,76,54,1,0,28,0,10,-5,F#/G♭ minor,4,2024-05-20,7MXhQVhuMQP3xDSmzfvKGR,"Alamo",11A,USUM71914447
332,"24 Hrs (feat. Lil Tjay)","Kaash Paige,Lil Tjay",46,103,"brooklyn drill, melodic rap","Hip Hop","S2ML",2022-11-18,02:47,54,42,31,0,8,20,10,-10,G#/A♭ minor,4,2024-06-12,5shQWg4uYedbUEoqnwG5ds,"Se Lavi Productions(Kaasha Paige)/Def Jam",1A,USUG12200193
333,"Your Friends","Hunxho",65,78,"","","For Her (Deluxe)",2023-12-15,02:19,68,51,17,0,46,40,10,-8,C♯/D♭,4,2024-06-17,5K9emhnwgoufmPYhdt0u5o,"300 Entertainment",3B,USAT22307946
334,"Yes","Hunxho",62,84,"","","For Her (Deluxe)",2023-12-15,03:14,73,84,11,0,74,30,10,-4,F minor,4,2024-06-17,6cyFiQ9XtJ0bXYOOoI6WAP,"300 Entertainment",4A,USAT22310270
335,"U The 1","Hunxho",56,90,"","","For Her (Deluxe)",2023-12-15,02:08,55,32,70,0,28,20,0,-10,B,4,2024-06-17,4qLVEuYYHXYox39zYQljnG,"300 Entertainment",1B,USAT22313870
336,"Xho Sex","Hunxho",59,140,"","","Xho Sex",2024-01-12,03:12,72,60,6,0,49,60,20,-8,G#/A♭ minor,4,2024-06-21,4pNgQB56Yr0t8pMXut6Zvv,"300 Entertainment",1A,USAT22400346
337,"Poison","Brent Faiyaz",80,117,"r&b","R&B","Poison",2016-08-03,03:32,69,39,71,0,38,0,0,-10,D minor,3,2024-06-27,5NijSs5dAwaIybq1GaRTIe,"Lost Kids",7A,TCACQ1663630
338,"Wait On It (feat. Bryson Tiller & Chris Brown)","Jeremih,Bryson Tiller,Chris Brown",66,83,"r&b","R&B","Wait On It (feat. Bryson Tiller & Chris Brown)",2024-06-28,03:25,62,63,2,0,54,20,10,-6,G#/A♭,4,2024-07-01,6NCtzHANN8GwvxdrSzJBB9,"PULSE Records",4B,USC4R2445331
339,"Uuugly","Drake",59,100,"rap","Hip Hop","C,XOXO",2024-06-27,01:55,50,26,86,0,6,0,10,-12,C♯/D♭,3,2024-07-04,3ZvauPl7Fe4mzYhXiRoCEP,"Geffen/Interscope Records",3B,USUG12402120
340,"Hood Baby","Sy Ari Da Kid",37,116,"","","A Toxic Heartbreak",2020-06-12,02:45,71,41,39,0,40,10,10,-12,F#/G♭ minor,4,2024-07-21,5G66oPwpsZjDnLegW91nKW,"No I in Team/Major Music",11A,USDXS2008544
341,"My Beyonce (feat. DeJ Loaf)","Lil Durk,DeJ Loaf",54,138,"drill, ","Hip Hop","300 Days 300 Nights",2015-12-15,04:44,72,58,36,0,49,10,10,-7,A minor,4,2024-07-22,7o0aLLPf9zG4D2P9vrexvg,"Alamo",8A,USUYG1130363
342,"roll da dice","4batz,Lil Baby",62,145,"","","roll da dice",2024-09-20,03:10,72,49,52,0,37,10,0,-14,A minor,4,2024-09-20,1zV2mbt3vg6yVr6Sb1PFjz,"4batz",8A,QZTL92465045
343,"Just Want You (feat. Hunxho)","BabyDrill,Hunxho",57,77,"","","ScoreGod",2024-02-07,02:54,49,33,42,0,9,50,10,-5,A#/B♭ minor,4,2024-10-08,0qWK7UJLquvQL7debk6UJu,"Not specified",3A,USRC12400161
344,"Make Time (feat. Dej Loaf)","Hunxho,DeJ Loaf",44,92,"","","For Her (Deluxe)",2023-12-15,03:08,56,56,40,0,44,20,10,-9,A#/B♭ minor,4,2024-10-26,7FHUG3qqh2lCq93SqXelsj,"300 Entertainment",3A,USAT22310279
345,"BUTTERFLIES","Isaiah Falls,Joyce Wrice",65,73,"alternative r&b","Pop, R&B","LUCKY ME",2024-10-11,02:43,54,48,70,2,45,0,10,-10,G,4,2024-10-28,0quwQM9YgpwBsNnCyZ8aaA,"LVRS ONLY",9B,QZWFN2454782
346,"Belong to the City","PARTYNEXTDOOR",80,88,"r&b","R&B","PARTYNEXTDOOR TWO",2014-07-29,01:38,58,48,71,0,19,0,10,-10,F minor,4,2024-10-30,5c3luoCub1Z1Gg74NdNtuq,"OVO Sound",4A,USWB11401863
347,"In The Morning (feat. Ty Dolla $ign)","Hunxho,Ty Dolla $ign",49,78,"","","Thank God",2024-10-25,02:40,70,73,14,0,80,30,20,-8,A#/B♭ minor,4,2024-10-30,3BW4vYezRqaAUfJZmwkSym,"300 Entertainment",3A,USAT22409693
348,"Note to You","Mariah the Scientist",53,74,"alternative r&b","Pop, R&B","MASTER",2019-08-23,01:22,45,30,27,0,55,30,0,-11,G minor,4,2024-11-18,5Rh7sj1SBzdfjRZJko2L4O,"One Umbrella/RCA Records",6A,USRC11902276
349,"DND (feat. 03 Greedo)","Shordie Shordie,03 Greedo",49,62,"","","Breath Of Fresh Air",2024-11-08,02:20,62,48,75,0,67,0,10,-8,C♯/D♭,4,2024-11-26,2dfKxYB4OX2gj26QQHv3Cm,"Sucker Free Records / EMPIRE",3B,USUYG1578969
350,"Late Checkout (feat. Hunxho)","Lil Durk,Hunxho",60,90,"drill, ","Hip Hop","Late Checkout (feat. Hunxho)",2024-10-11,03:45,54,52,10,0,13,20,0,-10,F#/G♭ minor,4,2024-11-27,6peNzc5BT61OxAzsFaTH2v,"Alamo",11A,USQX92405225
351,"Love Galore (feat. Travis Scott)","SZA,Travis Scott",81,135,"r&b, rap","R&B, Hip Hop","Ctrl",2017-06-09,04:35,80,59,11,0,41,0,10,-6,C,4,2024-12-14,0q75NwOoFiARAVp4EXU4Bs,"Top Dawg Entertainment/RCA Records",8B,USRC11700886
352,"She Different (feat. Hunxho)","Yungeen Ace,Hunxho",54,87,"melodic rap, ","Hip Hop","I Control My Destiny",2024-11-29,02:52,49,54,20,0,38,20,10,-8,F minor,4,2024-12-18,0e2ZX4GqBX7dqU4pyYrraq,"Yungeen Ace",4A,USLD91767275
353,"New R.R. (feat. Mariah the Scientist & Rylo Rodriguez)","Hunxho,Mariah the Scientist,Rylo Rodriguez",51,81,"alternative r&b, ","Pop, R&B","Thank God",2024-10-25,03:10,77,53,12,0,42,30,0,-11,G,4,2025-01-05,1ZJx74rc5Iq6ijWgLk92sh,"300 Entertainment",9B,USAT22409699
354,"Confused (feat. Don Toliver)","Hunxho,Don Toliver",47,90,"","","Thank God",2024-10-25,02:29,54,56,53,0,41,10,10,-7,B minor,4,2025-01-05,1E9fUtmUNLAOmkfSS1377B,"300 Entertainment",10A,USAT22409706
355,"Date Night","YFN Lucci",54,158,"","","HIStory",2019-12-13,02:13,60,75,22,0,35,40,10,-7,G#/A♭,4,2025-01-05,5PG6PN2sVSWbFt88bix5uY,"Think It's A Game/Warner Records",4B,USWB11903277
356,"Come Thru","Drake",67,82,"rap","Hip Hop","Nothing Was The Same (Deluxe)",2013-01-01,03:56,56,47,16,0,41,10,50,-6,D#/E♭,4,2025-01-18,3eN46sMTppXYMAyWi37wn1,"Cash Money Records/Young Money Ent./Universal Rec.",5B,USCM51300756
357,"CN TOWER","PARTYNEXTDOOR,Drake",79,127,"r&b, rap","R&B, Hip Hop","$ome $exy $ongs 4 U",2025-02-14,04:01,67,41,32,0,22,10,10,-7,D#/E♭ minor,4,2025-02-27,4u43I0LP2Xf85OAS85eG0R,"OVO Sound",2A,USLD91772019
358,"DEEPER","PARTYNEXTDOOR",77,101,"r&b","R&B","$ome $exy $ongs 4 U",2025-02-14,02:52,43,53,10,0,32,0,0,-7,G minor,4,2025-02-27,4JeD0FGslDsMeeahEGZa2L,"OVO Sound",6A,USLD91772024
359,"Little Things","Ella Mai",75,136,"r&b","R&B","3",2024-11-03,02:52,73,57,48,0,23,10,10,-6,B,4,2025-03-01,2HA4tNLIXY1dGvDVCLeslk,"10 Summers/Interscope Records",1B,USUM72412352
360,"This Is","Ella Mai",67,169,"r&b","R&B","Heart On My Sleeve (Deluxe Edition)",2023-02-02,03:26,47,49,22,0,35,10,10,-7,C minor,4,2025-03-01,2zuDMKJ2rSgCMtJknUJBZ9,"10 Summers/Interscope Records",5A,USUM72300930
361,"Said And Done","Blxst",48,90,"","","I'll Always Come Find You (Deluxe)",2024-11-22,02:33,71,45,77,0,60,0,10,-8,F#/G♭ minor,4,2025-03-01,5Y1GBrE0OjLNSY74rtUbPI,"Red Bull Records Inc/Evgle LLC",11A,USP6L2402889
362,"Heart Of A Woman","Summer Walker",75,130,"r&b","R&B","Heart Of A Woman",2024-10-25,02:51,72,43,48,0,47,10,10,-8,A minor,4,2025-03-01,2oVVaVY0LkzwAYYcyzon6Z,"LVRN/Interscope Records",8A,USUM72412378
363,"While We're Young","Jhené Aiko",74,128,"r&b","R&B","Trip",2017-09-22,03:56,65,79,10,0,81,10,10,-6,D,4,2025-03-03,4mL59LVbKgOpEACxraGYdr,"Def Jam Recordings",10B,USUM71705478
364,"On The Way (feat. Mila J)","Jhené Aiko,Mila J",65,114,"r&b, ","R&B","Chilombo (Deluxe)",2020-07-17,03:42,57,44,76,0,66,20,10,-12,G minor,4,2025-03-03,423NhOTzoqgeaIJbrUzSoo,"Def Jam Recordings",6A,USUM72014232
365,"Desires (with Future)","Drake,Future",67,145,"rap","Hip Hop","Dark Lane Demo Tapes",2020-05-01,03:57,81,51,28,0,55,10,30,-8,F minor,4,2025-03-07,7eYAHC0RbBF9eaqWzT34Aq,"OVO",4A,USUG12001743
366,"Love Songs - Bonus","Kaash Paige",83,120,"","","Parked Car Convos",2019-11-15,02:28,64,36,83,0,45,0,10,-11,F,4,2025-03-11,6qL5UWxRSQYml9O99ozoLv,"Se Lavi Productions(Kaasha Paige)/Def Jam",7B,QZES71881447
367,"Can't Hide It (feat. Jhené Aiko)","Lil Durk,Jhené Aiko",65,128,"drill, r&b","Hip Hop, R&B","Can't Hide It (feat. Jhené Aiko)",2025-03-21,02:42,73,41,48,0,53,20,10,-10,D,4,2025-03-24,0jl2VaNUWun3uwy5LPbDyx,"Alamo",10B,USQX92405476
368,"Long Time","Shordie Shordie",56,135,"","","Breath Of Fresh Air (Deluxe)",2025-01-31,02:22,72,46,74,0,46,0,40,-9,D,4,2025-03-24,3bjW6TTjHKtMn9b0Q1D07I,"Sucker Free Records / EMPIRE",10B,USUYG1599035
369,"Toxic (with Lil Durk)","Summer Walker,Lil Durk",57,124,"r&b, drill","Hip Hop, R&B","Still Over It",2021-11-05,04:26,74,52,25,0,14,0,10,-7,F#/G♭,4,2025-03-24,4blMQHONplzay3YkNIUlcn,"LVRN/Interscope Records",2B,USUM72118257
370,"Get You (feat. Kali Uchis)","Daniel Caesar,Kali Uchis",87,74,"","","Freudian",2017-08-25,04:38,66,30,43,0,36,0,0,-9,B minor,4,2025-04-10,2uP6t2J5MEwhr9rDkAAzwh,"HV Recordings",10A,TCACR1690004
371,"West","River Tiber,Daniel Caesar",67,121,"","","Indigo",2016-06-24,02:32,27,47,90,8,14,0,20,-8,G#/A♭,3,2025-04-10,2R5GzHdM4xdA8HNLIF8lOY,"River Tiber",4B,CAK471600801
372,"Closer To Over","Hunxho",53,87,"","","Before The Album",2024-06-07,02:58,68,55,4,0,28,50,10,-10,C♯/D♭,4,2025-04-12,063tEBYqZOM4azs74tubzI,"300 Entertainment",3B,USAT22402731
373,"Bedrest","Hunxho",59,185,"","","Bedrest",2025-05-01,02:04,53,67,4,0,40,20,10,-9,B minor,4,2025-05-03,698sVS5jCBcHAogEAOhG5O,"300 Entertainment",10A,USAT22502799
374,"P*$$Y Fairy (OTW)","Jhené Aiko",62,128,"r&b","R&B","The Magic Hour Collection",2024-11-22,03:01,56,52,54,0,35,20,10,-7,D minor,4,2025-05-13,4ldEa3I2vWrRKlydokvoqw,"Def Jam Recordings",7A,USUM72000367
375,"CELIBACY","PARTYNEXTDOOR,Drake",71,120,"r&b, rap","R&B, Hip Hop","$ome $exy $ongs 4 U",2025-02-14,03:55,49,36,35,0,15,0,0,-10,G minor,4,2025-05-17,578CwfxpfH2HxlENOCHc2n,"OVO Sound",6A,USLD91772035